Opportunity ID,Opportunity Name,Close Date,Created Date,Account Name: Account Name,Account Name: Account Owner: Full Name,Stage,Opportunity Owner: Full Name,Amount (converted) Currency,Amount (converted),Next Steps,SE Comments,Solutions Judgement,Manager Forecast Judgement,SE Attached,SE Comment Update Date,Indicator,Scorecard Number,As of Date,Owner: Full Name,Total Deal Contribution,Inspection Report ACV Band,ACV Currency,ACV,Amount Currency,Amount
006ed00000HkPMcAAN,Veson Nautical LLC - CPQ+ to RCA Upgrade,2026-01-31,2025-07-29,Veson Nautical LLC,Austin Ricci,"02 - Determining Problem, Impact, Ideal",Austin Ricci,USD,120000.0,"AR 9/29: Meet with Vake (VP of IT), Raffi and legal team to discuss transition from CPQ to RCA this fiscal",<NA>,<NA>,<NA>,0,,,,,,,Scorecard (+100k),None,,USD,120000.0
006ed00000JjQY5AAN,Ligris - (+8EE) 12EE,2026-06-30,2025-08-28,Ligris,Vance Cassell,"02 - Determining Problem, Impact, Ideal",Vance Cassell,USD,16800.0,9/1 VC - forecasted growth plans for Ligris,<NA>,<NA>,<NA>,0,,,,,,,Radar (10k-25k),None,,USD,16800.0
006ed00000GRp21AAD,Magical - Service Cloud + 5 Opportunity,2025-11-30,2025-07-08,Magical,Sergio Cultrera,"02 - Determining Problem, Impact, Ideal",Sergio Cultrera,USD,12300.0,10/15/25Follow up with Manu Bizz Operations Manager about potential Service Cloud service add. Product: Service Cloud Risk: Budget/Need. Rating: 2/10,<NA>,<NA>,<NA>,0,,,,,,,Radar (10k-25k),None,,USD,12300.0
006ed00000KSI05AAH,All Access Equipment - +10 Partner Community Members,2025-09-08,2025-09-08,All Access Equipment,Jared McPherson,08 - Closed,Jared McPherson,USD,1800.0,"9/8 JM: Products: Community : $1k-5k | Status: Sending Quote | Next steps: C&C sending over legal view and then Docusign | Risk: Timeline, Budget | Rating: 6 |",<NA>,<NA>,<NA>,0,,,,,,,0-10k,USD,1800.0,USD,1800.0
006ed00000DGpdNAAT,Nift Networks- Slack AI/Slack Bus +,2025-12-31,2025-05-13,Nift Networks,Hannah Frey,"02 - Determining Problem, Impact, Ideal",Hannah Frey,USD,20000.0,HF 9/27- Aspirational New logo- Outbound efforts into Nift to move to a Slack contract. Product: Slack Ai Range: 5-10 K,<NA>,<NA>,UP -,0,,,,,,,Radar (10k-25k),None,,USD,20000.0
006ed000002XHsMAAW,"Evolv Technologies Holdings, Inc. Renewal Price Uplift: (ARY) Touchless Renewal Automation Only",2026-02-28,2024-09-25,"Evolv Technologies Holdings, Inc.",Jared McPherson,03 - Validating Benefits & Value,Jared McPherson,USD,8078.4,<NA>,<NA>,<NA>,<NA>,0,,,,,,,0-10k,None,,USD,8078.4
006ed00000J6kmoAAB,Magical - Sales Cloud - 4 EE,2025-09-23,2025-08-19,Magical,Sergio Cultrera,08 - Closed,Sergio Cultrera,USD,1080.0,9/23 JM: Product: Sales Cloud Status: DocuSign out for 1 seat Next Step: Execution Risk: Budget Rating: 8/10,<NA>,<NA>,UP -,0,,,,,,,0-10k,USD,1080.0,USD,1080.0
006ed00000J6lMIAAZ,Ognomy - Service Cloud 10+EE,2025-12-31,2025-08-19,Ognomy,Sergio Cultrera,"02 - Determining Problem, Impact, Ideal",Sergio Cultrera,USD,21000.0,10/21/25 SC: Dr Daniel is CEO. Startup company looking for funding currently. May be interested in Salesforce CRM and Service Cloud to start. Potential for Slack as well. Product: Service Cloud Risk: Budget Rating:2/10,<NA>,<NA>,<NA>,0,,,,,,,Radar (10k-25k),None,,USD,21000.0
006ed00000GQ9MbAAL,SLK - Transmit Customer Experience - 15 Enterprise+,2026-03-31,2025-07-08,Transmit Customer Experience,Vance Cassell,"02 - Determining Problem, Impact, Ideal",Vance Cassell,USD,8100.0,8/11 VC - interested in 15 licenses of Ent+,<NA>,<NA>,<NA>,0,,,,,,,0-10k,USD,8100.0,USD,8100.0
006ed00000KDmw9AAD,Aera Therapeutics - MC Advanced +20,2026-01-31,2025-09-04,Aera Therapeutics,Sergio Cultrera,"02 - Determining Problem, Impact, Ideal",Sergio Cultrera,USD,87000.0,"10/1/25 SC: Target for MC for Automation , Engagement.Track what emails, social posts, or campaigns are actually lighting up the right people. Product: MC Intelligent Risk:Budget/Funding Rating: 1/10",<NA>,<NA>,<NA>,0,,,,,,,Comment Only (25k-100k),None,,USD,87000.0
006ed000008MFWrAAO,Fluency Renewal Price Uplift: (ARY) Touchless Renewal Automation Only,2027-01-29,2025-01-31,Fluency (Slack),Vance Cassell,03 - Validating Benefits & Value,Vance Cassell,USD,803.52,<NA>,<NA>,<NA>,<NA>,0,,,,,,,0-10k,None,,USD,803.52
006ed00000HkqeXAAR,"Tobin Scientific - +20 FSL+, +15 Technician",2025-11-30,2025-07-29,Tobin Scientific,Austin Ricci,03 - Validating Benefits & Value,Austin Ricci,USD,60000.0,AR 9/29: Meet with Graham (CCO) & Erik (COO) next month to discuss Wakefield acquisition and licenses needs,7/31 CD - Purchased FSL in H1. Recently acquired company - license add potential.,UP-,UP -,0,2025-07-31,,,,,,Comment Only (25k-100k),None,,USD,60000.0
006ed00000KbTNhAAN,Intentsify.io dba 5x5 (Org 2) - (+60EE) 60EE #NewLogo,2026-01-31,2025-09-10,Intentsify.io dba 5x5 (Org 2),Vance Cassell,"02 - Determining Problem, Impact, Ideal",Vance Cassell,USD,63000.0,"9/10 VC - Brandie interested in getting 5x5 team off of HubSpot and on to SF, working on timeline as HubSpot renewal approaches in April '26",<NA>,<NA>,<NA>,0,,,,,,,Comment Only (25k-100k),None,,USD,63000.0
006ed00000GdBAUAA3,Magical - Slack Pro 12 User,2025-11-30,2025-07-11,Magical,Sergio Cultrera,"02 - Determining Problem, Impact, Ideal",Sergio Cultrera,USD,1044.0,10/15/25 SC: Follow up with Manu on Slack Pro opportunity I presented new price and packaging on for Slack Pro tier.Product: Slack Pro Annual. Risk: Budget/Need Rating: 3/10,<NA>,<NA>,<NA>,0,,,,,,,0-10k,None,,USD,1044.0
006ed00000L1ai5AAB,CUES - Sales Cloud 12+ EE,2025-12-31,2025-09-17,Consolidated Utility Equipment Service Incorporated,Sergio Cultrera,"02 - Determining Problem, Impact, Ideal",Sergio Cultrera,USD,25200.0,11/1/25 SC : New logo re-engaging with customer on Sales Cloud. Scheduling further discovery call with Alan and team. Product: Sales Cloud EE Risk: Comp/Budget Rating1/10,<NA>,<NA>,<NA>,0,,,,,,,Comment Only (25k-100k),None,,USD,25200.0
006ed00000JjRXNAA3,OWN- Ligris - Backup,2026-03-31,2025-08-28,Ligris,Vance Cassell,"02 - Determining Problem, Impact, Ideal",Vance Cassell,USD,6000.0,"9/1 VC - interested in backing up org, sending info on OWN backup",<NA>,<NA>,<NA>,0,,,,,,,0-10k,None,,USD,6000.0
006ed00000IMulyAAD,Transmit Security - Data Storage,2025-08-25,2025-08-07,Transmit Security,Vance Cassell,08 - Closed,Vance Cassell,USD,7500.0,"8/25 VC - Scott let me know they would like to move forward with 2.5GB of Data Storage, Docusign published to CLO Kiran Judge",<NA>,<NA>,IN,0,,,,,,,0-10k,USD,7500.0,USD,7500.0
006ed00000G8RbJAAV,Bayard US +60 (60) Sales & Service Cloud EE,2025-11-30,2025-07-02,Bayard US,Andrew Sopko,"02 - Determining Problem, Impact, Ideal",Andrew Sopko,USD,72000.0,9/29 NS: They are still going to evaluate a CRM but other projects took priority. AS following up weekly to understand their timeline.,"7/31 CD - Early convos, AE working to setup initial disco.",UP-,<NA>,0,2025-07-31,,,,,,Comment Only (25k-100k),None,,USD,72000.0
006ed00000EkcbhAAB,Scrum.org : Slack Pro to Business+ Upgrade #Q3 Pullforward,2025-10-31,2025-06-10,Advanced Development Methods (Scrum.org),Sergio Cultrera,"02 - Determining Problem, Impact, Ideal",Sergio Cultrera,USD,21000.0,10/6/25 SC - Working with Whitney to Reengage with Ryan and product manager team as well to reschedule discovery call around Slack. Rating 5/10. Product Slack. Risk - budget,09.29 SA - SE not involved yet,<NA>,UP -,0,2025-09-29,,,,,,Radar (10k-25k),None,,USD,21000.0
006ed00000Lk7gnAAB,Dosespot - Data Cloud Credits,2026-01-30,2025-09-29,Dosespot,Hannah Frey,"02 - Determining Problem, Impact, Ideal",Hannah Frey,USD,50000.0,HF- 10/10 - Weekly agentforce sync- build up use case- Product: Additional agentforce credits.,<NA>,<NA>,<NA>,0,,,,,,,Comment Only (25k-100k),None,,USD,50000.0
006ed00000KreLaAAJ,Dosespot - Agentforce for Sales,2026-01-30,2025-09-15,Dosespot,Hannah Frey,"02 - Determining Problem, Impact, Ideal",Hannah Frey,USD,45000.0,HF 10/1 Launching agentforce for service- work with Alex to put together a case for Agentforce for sales. Biweekly Agentforce syncs,<NA>,<NA>,<NA>,0,,,,,,,Comment Only (25k-100k),None,,USD,45000.0
006ed00000Hw2PRAAZ,Intentsify.io - Agentforce,2026-05-31,2025-07-31,Intentsify.io,Vance Cassell,"02 - Determining Problem, Impact, Ideal",Vance Cassell,USD,38000.0,8/1 VC - Brandie interested in Agentforce roadmap,<NA>,<NA>,<NA>,0,,,,,,,Comment Only (25k-100k),None,,USD,38000.0
006ed00000KCZpiAAH,"Evolv Technologies Holdings, Inc.- (+60) SPIFF",2025-10-31,2025-09-04,"Evolv Technologies Holdings, Inc.",Jared McPherson,04 - Confirming Value With Power,Jared McPherson,USD,36000.0,"9/30 JM: Products: Spiff : $30k-60k | Status: Admin / IT Demo | Next steps: Confirming time for onsite / Exec meeting 10/1 | Risk: Timeline, Budget | Rating: 6 |","09.29 SA - Spiff demo 9.22 went well. Scheduling final demo with decision maker. Risk: Pricing,Timing",UP-,UP -,1,2025-09-29,,,,,200.0,Comment Only (25k-100k),None,,USD,36000.0
006ed0000043TMjAAM,Capchase Renewal Price Uplift: (ARY) Touchless Renewal Automation Only,2025-10-25,2024-10-27,Capchase,Vance Cassell,05 - Negotiating $$ & Mutual Plan,Vance Cassell,USD,2293.2,9/29 VC - confirming Slack renewal with Capchase team,<NA>,<NA>,IN,0,,,,,,,0-10k,None,,USD,2293.2
006ed00000ElwWjAAJ,Transmit Security - Agentforce + Data Cloud,2026-01-31,2025-06-10,Transmit Security,Vance Cassell,"02 - Determining Problem, Impact, Ideal",Vance Cassell,USD,16400.0,8/1 VC - Agentforce + Data cloud target,<NA>,<NA>,<NA>,1,,,,,,150.0,Radar (10k-25k),None,,USD,16400.0
006ed000003oH91AAE,"Safety Partners, Inc. Renewal Price Uplift: (ARY) Touchless Renewal Automation Only",2025-10-20,2024-10-22,"Safety Partners, Inc.",Jared McPherson,05 - Negotiating $$ & Mutual Plan,Jared McPherson,USD,1758.792,<NA>,<NA>,<NA>,IN,0,,,,,,,0-10k,None,,USD,1758.792
006ed00000JjcRBAAZ,Viken Detection - (+25UE) 81UE,2026-05-31,2025-08-28,Viken Detection,Vance Cassell,"02 - Determining Problem, Impact, Ideal",Vance Cassell,USD,68400.0,"9/1 VC - forecasted growth of Sales team in 2026, check-in w/ Chris on timeline",<NA>,<NA>,<NA>,0,,,,,,,Comment Only (25k-100k),None,,USD,68400.0
006ed00000JZeCXAA1,Sunrise Erectors - Field Service EE 15,2026-01-31,2025-08-26,Sunrise Erectors,Sergio Cultrera,"02 - Determining Problem, Impact, Ideal",Sergio Cultrera,USD,33120.0,9/15/25 SC: Field Service Shared Field Service Demo to review for his deployment team. Small team setting up call for further discovery. Product: Field Service Risk: Current system/budget. Rating 2/10,<NA>,<NA>,<NA>,0,,,,,,,Comment Only (25k-100k),None,,USD,33120.0
006ed00000E5Al3AAF,SLK - Veson Nautical - Ent Plus Upgrade,2025-12-31,2025-05-29,Veson Nautical LLC,Austin Ricci,05 - Negotiating $$ & Mutual Plan,Austin Ricci,USD,71235.0,"AR 9/29: Legal view sent to Vake, he is meeting with finance and & CTO to get final approvals","7/28 CD - AE working on business case and deal mechanics. Risk = Price, Timing",UP-,UP -,1,2025-07-28,,,,,200.0,Comment Only (25k-100k),USD,71235.0,USD,71235.0
006ed00000Lp2q5AAB,SLK - Captivate - (+50 Ent+) 50 Ent+,2026-01-31,2025-09-30,Captivate,Vance Cassell,"02 - Determining Problem, Impact, Ideal",Vance Cassell,USD,43200.0,"10/1 VC - working with VP of IT, Scott Yapp, on subset of Slack users proposal, Whitney looped in and putting together a pricing proposal",<NA>,<NA>,<NA>,0,,,,,,,Comment Only (25k-100k),None,,USD,43200.0
006ed00000LpCsfAAF,United Sports Training Center - + 20 EE,2025-11-30,2025-09-30,United Sports Training Center,Jared McPherson,"02 - Determining Problem, Impact, Ideal",Jared McPherson,USD,29080.0,"10/1 JM: Products: Sales Cloud : $20k-50k | Status: Discovery / BANT| Next steps: Further Discovery and setting Demo| Risk: Timeline, Budget | Rating: 5 |",<NA>,<NA>,<NA>,0,,,,,,,Comment Only (25k-100k),None,,USD,29080.0
006ed000006HAZ2AAO,Intentsify.io Renewal Price Uplift: (ARY) Touchless Renewal Automation Only,2025-12-11,2024-12-13,Intentsify.io,Vance Cassell,03 - Validating Benefits & Value,Vance Cassell,USD,787.65,9/22 VC - confirming renewal with Intentsify.io team,<NA>,<NA>,<NA>,0,,,,,,,0-10k,None,,USD,787.65
006ed00000Hws9VAAR,"SLK Quantix SCS, LLC: Biz +",2026-02-28,2025-07-31,"Quantix SCS, LLC.",Casey Garfinkel,"02 - Determining Problem, Impact, Ideal",Casey Garfinkel,USD,36000.0,8/22 JW: sending leadership agenda for product deep dive. Product: Slack. Rating: 4/10,<NA>,<NA>,<NA>,0,,,,,,,Comment Only (25k-100k),None,,USD,36000.0
006ed00000FCx3kAAD,Centaur Labs - Agentforce Opportunity,2025-11-30,2025-06-17,Centaur Labs,Sergio Cultrera,"02 - Determining Problem, Impact, Ideal",Sergio Cultrera,USD,6600.0,10/15/25 SC: Schedule Intro/Discovery call with Kyler around Agentforce. Product: Agentforce Risk: budget Rating; 1/10,<NA>,<NA>,<NA>,0,,,,,,,0-10k,None,,USD,6600.0
006ed00000KYH2vAAH,Automatic Laundry - MCAE,2025-10-31,2025-09-09,Automatic Laundry Service,Vance Cassell,04 - Confirming Value With Power,Vance Cassell,USD,12000.0,"9/29 VC - Marketing Cloud demo 10/8, 2-3pm EST w/ Scott + Automatic Laundry extended team, looping in Justin Sadler @ ninety10 consulting as trusted person by Scott in eval process",09.15 SA - SE not involved,<NA>,IN,1,2025-09-15,,,,,100.0,Radar (10k-25k),None,,USD,12000.0
0063y00001BOfadAAD,GoCity Renewal Price Uplift: (ARY) Touchless Renewal Automation Only,2026-05-28,2024-07-18,Go City Grainhouse,Sergio Cultrera,03 - Validating Benefits & Value,Sergio Cultrera,USD,2659.5,<NA>,<NA>,<NA>,<NA>,0,,,,,,,0-10k,None,,USD,2659.5
006ed00000KserOAAR,SLK - Labster -v2 Upgrade (USD),2025-09-30,2025-09-15,Labster.,Andrew Sopko,08 - Closed,Andrew Sopko,USD,2040.41,9/29 Angela said the executive team was out all last week. She expects the PO to be approved today.,09.29 SA - SE not involved,<NA>,IN,0,2025-09-29,,,,,,0-10k,USD,25650.0,USD,2040.41
006ed00000I1Oz5AAF,MC - Infinityy - MCAE Growth + 1 Contact Block,2025-09-05,2025-08-01,Smarter Systems Inc. dba Infinityy,Vance Cassell,08 - Closed,Vance Cassell,USD,12720.0,"9/1 VC - following up w/ Molly, discounts offered in August have been pulled, waiting for updated project timeline, working w/ Kelsey at Abstrakt (partner)",08.12 SA - Specialist Led,<NA>,IN,1,2025-08-12,,,,,100.0,Radar (10k-25k),USD,12720.0,USD,12720.0
006ed00000DKYinAAH,SLK - 829 Studios - Business Plus v2 Upgrade,2025-12-31,2025-05-14,829 Studios/ SBS Comms,Vance Cassell,05 - Negotiating $$ & Mutual Plan,Vance Cassell,USD,4584.0,"9/22 VC - Jan let us know priorities shifted and putting SLK upgrade on back burner, continue to follow up on status of other projects",5.22 CD - SE not yet involved,<NA>,UP -,0,2025-05-22,,,,,,0-10k,USD,29154.0,USD,4584.0
006ed00000JjqvZAAR,Bayard USA - Marketing Cloud Engagement,2025-12-31,2025-08-28,Bayard US,Andrew Sopko,"02 - Determining Problem, Impact, Ideal",Andrew Sopko,USD,30000.0,9/25 Working to re-engage and understand timeline for when this project will be prioritized,<NA>,<NA>,<NA>,0,,,,,,,Comment Only (25k-100k),None,,USD,30000.0
006ed00000LpWBRAA3,Datos Insights - Rev Intel,2025-12-31,2025-09-30,Datos Insights,Hannah Frey,"02 - Determining Problem, Impact, Ideal",Hannah Frey,USD,38000.0,HF 10/5 meet with CRO to cover forecasting gaps Product: Rev Intel,<NA>,<NA>,<NA>,0,,,,,,,Comment Only (25k-100k),None,,USD,38000.0
006ed00000KwrRqAAJ,The Boston Solar Company Inc - File Storage (10GB),2025-10-31,2025-09-16,The Boston Solar Company Inc,Casey Garfinkel,04 - Confirming Value With Power,Casey Garfinkel,USD,996.0,9/29 CG: Products: File Storage (10GB) - $900 | Next steps: No reply sent to Jesse |,<NA>,<NA>,UP -,0,,,,,,,0-10k,None,,USD,996.0
006ed00000FLbK5AAL,airSlate +15 (15) Tableau,2026-01-31,2025-06-19,airSlate,Casey Garfinkel,"02 - Determining Problem, Impact, Ideal",Casey Garfinkel,USD,10800.0,8/1 - CG - Disco/Mapping with Jared,5.22 CD - SE not yet involved.,<NA>,UP -,0,2025-06-25,,,,,,Radar (10k-25k),None,,USD,10800.0
006ed00000JjsCbAAJ,AVP - Own Recovery,2025-10-31,2025-08-28,Applied Value Group,Andrew Sopko,"02 - Determining Problem, Impact, Ideal",Andrew Sopko,USD,6000.0,9/29 Schedule call with John to discuss how to mitigate accidental data deletion,09.22 SA - SE not involved yet,<NA>,UP -,0,2025-09-22,,,,,,0-10k,None,,USD,6000.0
006ed00000LNC7dAAH,Texas Air Maintenance and Service - (+5EE) 5EE,2025-10-31,2025-09-23,Texas Air Maintenance and Service,Vance Cassell,"02 - Determining Problem, Impact, Ideal",Vance Cassell,USD,10500.0,"9/29 VC - introduction meeting with Jordan being set for week of 10/6, working with Abstrakt (partner) on implementation services / project scope",<NA>,<NA>,IN,0,,,,,,,Radar (10k-25k),None,,USD,10500.0
006ed00000JUeBaAAL,Ampion CRM - Slack V2,2026-01-30,2025-08-25,Ampion CRM,Hannah Frey,"02 - Determining Problem, Impact, Ideal",Hannah Frey,USD,36000.0,HF- 9/15 Working to plan an AI overview with Jason + position early slack renewal,<NA>,<NA>,<NA>,0,,,,,,,Comment Only (25k-100k),None,,USD,36000.0
006ed000008R3BnAAK,RepTrak Renewal Price Uplift: (ARY) Touchless Renewal Automation Only,2026-01-30,2025-02-01,RepTrak,Andrew Sopko,03 - Validating Benefits & Value,Andrew Sopko,USD,1529.38071,<NA>,<NA>,<NA>,<NA>,0,,,,,,,0-10k,None,,USD,1529.38071
006ed00000Lp4LdAAJ,Smarter Systems - (+3EE) 3EE,2025-12-31,2025-09-30,Smarter Systems Inc. dba Infinityy,Vance Cassell,"02 - Determining Problem, Impact, Ideal",Vance Cassell,USD,6300.0,10/1 VC - expected growth plans once org is configured and adoption is in place,<NA>,<NA>,<NA>,0,,,,,,,0-10k,None,,USD,6300.0
006ed00000HGh41AAD,Acrolinx - Agentforce,2025-12-31,2025-07-22,Acrolinx,Sergio Cultrera,"02 - Determining Problem, Impact, Ideal",Sergio Cultrera,USD,8604.0,11/1/25 SC: Follow up with Louis on Agentforce and Data Cloud opportunity. Pricing out competitors. Product: Agentforce. Rating: 4/10. Risk: Competition,<NA>,<NA>,<NA>,0,,,,,,,0-10k,None,,USD,8604.0
006ed00000GdPIHAA3,Magical - Tableau,2025-11-30,2025-07-11,Magical,Sergio Cultrera,"02 - Determining Problem, Impact, Ideal",Sergio Cultrera,USD,4800.0,10/15/25 SC: Follow up with Manu in Biz Ops on Tableau opportunity. Working with James Mathewson. Product: Tableau. Risk: Budget. Rating: 2/10,<NA>,<NA>,<NA>,0,,,,,,,0-10k,None,,USD,4800.0
006ed0000033WtFAAU,HS Brands International Renewal Price Uplift: (ARY) Touchless Renewal Automation Only,2025-09-13,2024-10-05,HS Brands International,Vance Cassell,08 - Closed,Vance Cassell,USD,6.12,9/9 VC - confirming renewal with HS Brands International team,<NA>,<NA>,IN,0,,,,,,,0-10k,None,,USD,6.12
006ed00000GRJzpAAH,Intentsify.io - Revenue Cloud Advanced (+25),2026-01-31,2025-07-08,Intentsify.io,Vance Cassell,"02 - Determining Problem, Impact, Ideal",Vance Cassell,USD,43750.0,7/8 AF: Schedule follow up with Brendan Flynn (RevOps Manager) as a follow up from Boston World Tour Breakfast to discuss RCA more in-depth.,<NA>,<NA>,<NA>,0,,,,,,,Comment Only (25k-100k),None,,USD,43750.0
006ed00000KRBzyAAH,"Thomas Passenant & Ezra Leak - Trinity Partne_Buildout, Inc._Add-On_09/08/2025",2025-09-08,2025-09-08,Thomas Passenant & Ezra Leak - Trinity Partners - NC - CRM,Austin Ricci,08 - Closed,Austin Ricci,USD,79.8,<NA>,<NA>,<NA>,<NA>,0,,,,,,,0-10k,None,,USD,79.8
006ed00000Jexw5AAB,Tripleseat - Pipeline Agent #Agentforce,2025-12-31,2025-08-27,Tripleseat,Austin Ricci,"02 - Determining Problem, Impact, Ideal",Austin Ricci,USD,60000.0,AR 9/29: Continue Agentforce conversation and AI plans with Sales leadership (Jules) and set up a demo of SDR and Pipeline Agent,<NA>,<NA>,<NA>,0,,,,,,,Comment Only (25k-100k),None,,USD,60000.0
006ed00000269XKAAY,MADICORP Renewal Price Uplift: (ARY) Touchless Renewal Automation Only,2025-09-11,2024-09-15,MADICORP,Hannah Frey,08 - Closed,Hannah Frey,USD,3130.49016,<NA>,<NA>,<NA>,IN,0,,,,,,,0-10k,None,,USD,3130.49016
006ed000009Gv6pAAC,Transmit Security - Revenue Cloud Advanced,2026-01-31,2025-02-19,Transmit Security,Vance Cassell,03 - Validating Benefits & Value,Vance Cassell,USD,24839.996,8/1 VC - Jake and Scott want to pick Revenue Cloud conversation back up at end of the year,3.25 CD - Demo complete. Pricing + business value review complete. Risk = Timeline / no urgency,UP-,UP -,1,2025-03-25,,,,,200.0,Radar (10k-25k),USD,32399.995999999996,USD,24839.996
006ed00000K6k1RAAR,Boathouse - MC Intelligence,2026-01-31,2025-09-03,"Boathouse Group, Inc.",Andrew Sopko,"02 - Determining Problem, Impact, Ideal",Andrew Sopko,USD,90000.0,9/8 AS Next step: schedule intro call with Daniel who has expressed interest in the past,<NA>,<NA>,<NA>,0,,,,,,,Comment Only (25k-100k),None,,USD,90000.0
006ed00000K6XnPAAV,Trinity Partners - 338 UE Price Ramp,2025-11-30,2025-09-03,Trinity Partners*,Austin Ricci,08 - Closed,Austin Ricci,USD,26769.6,<NA>,<NA>,<NA>,<NA>,0,,,,,,,Comment Only (25k-100k),USD,26769.6,USD,26769.6
006ed00000KCO36AAH,Trinity Real Estate - Sales Cloud New Logo,2025-10-31,2025-09-04,Trinity Partners Commercial Real Estate,Austin Ricci,"02 - Determining Problem, Impact, Ideal",Austin Ricci,USD,14700.0,AR 9/29: Set up pricing call with Walt & Christine this week to discuss internal review & Managing Director feedback on demo,09.29 SA - Sales Cloud Demo 09.16 with Brokerage team went well. Working to get in front of,UP-,UP -,1,2025-09-29,,,,,100.0,Radar (10k-25k),None,,USD,14700.0
006ed00000GMtnpAAD,TimeTrade Systems (Engageware) - Data Cloud,2026-01-31,2025-07-07,TimeTrade Systems (Engageware),Casey Garfinkel,"02 - Determining Problem, Impact, Ideal",Casey Garfinkel,USD,30000.0,<NA>,<NA>,<NA>,<NA>,0,,,,,,,Comment Only (25k-100k),None,,USD,30000.0
0063y00001Ad91kAAB,The National Academy of Future Physicians and Medical Scient Renewal Price Uplift: (ARY) Touchless Renewal Automation...,2025-12-15,2024-05-04,The National Academy of Future Physicians and Medical Scientists,Austin Ricci,03 - Validating Benefits & Value,Austin Ricci,USD,2385.0,<NA>,<NA>,<NA>,<NA>,0,,,,,,,0-10k,None,,USD,2385.0
006ed00000JCeLJAA1,SLK - Flexspring - Biz+ Upgrade,2025-12-31,2025-08-20,Flexspring,Vance Cassell,"02 - Determining Problem, Impact, Ideal",Vance Cassell,USD,17460.0,"9/22 VC - self serve pro to Biz+ invoice target, reaching out to Flexspring team to see who is in charge of Slack instance",<NA>,<NA>,UP -,0,,,,,,,Radar (10k-25k),None,,USD,17460.0
006ed00000CINSHAA5,Crayon: Early Renewal,2025-12-31,2025-04-23,Crayon,Sergio Cultrera,"02 - Determining Problem, Impact, Ideal",Sergio Cultrera,USD,7210.08,10/30 SC: Call with Zach Kohn Dir of Ops. Product: early renewal with data storage. Risk: budget. Rating: 6/10,<NA>,<NA>,<NA>,0,,,,,,,0-10k,USD,7210.0799999999945,USD,7210.08
006ed00000IFAUXAA5,AES Intellinet Corp: +10 DE + Customer Community,2025-11-30,2025-08-05,AES Intellinet Corp.,Hannah Frey,"02 - Determining Problem, Impact, Ideal",Hannah Frey,USD,21000.0,10/2 HF: Call scheduled with VP of sales position community. Product: Service. Rating: 5/10. Risk: budget,<NA>,<NA>,UP -,0,,,,,,,Radar (10k-25k),None,,USD,21000.0
006ed00000Jf7fKAAR,HireClix - (+5EE) 19EE,2025-12-31,2025-08-27,HireClix LLC,Vance Cassell,"02 - Determining Problem, Impact, Ideal",Vance Cassell,USD,10500.0,"9/22 VC - forecasted growth plans, continue to check-in w/ Rachael",<NA>,<NA>,<NA>,0,,,,,,,Radar (10k-25k),None,,USD,10500.0
006ed00000Kg73BAAR,New England Home - Slack Pro (+25),2025-10-31,2025-09-11,New England Home,Casey Garfinkel,"02 - Determining Problem, Impact, Ideal",Casey Garfinkel,USD,2175.0,10/6: CG: Products: Slack Pro: $4.3k Status: Education/disco | Next steps: Pitch to exec team 10/6 - CG to sync with Jennifer beforehand | Risk: Reluctance to change,09.16 SA - SE not involved yet,<NA>,UP -,0,2025-09-16,,,,,,0-10k,USD,2175.0,USD,2175.0
006ed00000BaJc6AAF,aPriori - Service Cloud Expansion,2025-12-30,2025-04-08,aPriori,Hannah Frey,"02 - Determining Problem, Impact, Ideal",Hannah Frey,USD,45000.0,HF 10/2- On hold till Quip implementation resolution. New CTO- Anna to send over exec alignment note. - on Zendesk currently.- Product: Service + Customer Portal,08.04 SA - SE not involved yet,<NA>,<NA>,0,2025-08-05,,,,,,Comment Only (25k-100k),None,,USD,45000.0
006ed00000DoXkTAAV,SLK - RepTrak - Enterprise Grid Upgrade + Slack AI,2025-11-30,2025-05-23,RepTrak,Andrew Sopko,04 - Confirming Value With Power,Andrew Sopko,USD,43311.6,9/22 Whitney has positioned a co-termed new Enterprise Plus workspace so that Billy can trial AI features. Using this as a business case to justify the price increase.,<NA>,<NA>,IN,0,,,,,,,Comment Only (25k-100k),None,,USD,43311.6
006ed00000JjVj4AAF,Transmit Security (+20 S&SC) 220 S&SC,2025-12-31,2025-08-28,Transmit Security,Vance Cassell,"02 - Determining Problem, Impact, Ideal",Vance Cassell,USD,39600.0,"9/22 VC - Scott + Jake confirmed they will need additional licenses before EOY, continue to check-in on timeline for add",<NA>,<NA>,<NA>,0,,,,,,,Comment Only (25k-100k),None,,USD,39600.0
006ed00000IMzTtAAL,airSlate - Sales Engagement Add-On +35 (35),2025-11-30,2025-08-07,airSlate,Casey Garfinkel,"02 - Determining Problem, Impact, Ideal",Casey Garfinkel,USD,17850.0,9/23 CG: Products: Sales Engagement : 17.8k | Status: Disco/education | Next steps: CG to send materials to Jared to present to President (Hal Mady) | Risk: Budget,08.11 SA - Had discovery call on 08.01 and have read back on 08.13 with Jared. Presenting add on solutions and working to get in front of decision maker. Risk: Need to get in front of decision maker,UP-,UP -,1,2025-08-11,,,,,100.0,Radar (10k-25k),None,,USD,17850.0
006ed00000J7cLlAAJ,Titian Software Us Inc - Upgrade,2026-01-30,2025-08-19,Titian Software Us  (Cenevo),Hannah Frey,"02 - Determining Problem, Impact, Ideal",Hannah Frey,USD,45000.0,HF 9/20 Reached out to Richard for check in meeting. Meet with CFO for an account review and AI overview Product: UE Range 30-40 K Rating 4/10,<NA>,<NA>,<NA>,0,,,,,,,Comment Only (25k-100k),None,,USD,45000.0
006ed00000GdWDJAA3,Labster + Agentforce,2025-10-31,2025-07-11,Labster.,Andrew Sopko,"02 - Determining Problem, Impact, Ideal",Andrew Sopko,USD,15000.0,9/29 AS: Working to schedule a use case ideation session ASAP. I believe we are in a good place for the Spiff renewal so Sara can now shift her focus back to AI,09.29 SA - Previously did Agentforce Education presentation. Trying to set Agentforce Use Case workshop. Risk: Urgency,UP-,UP -,1,2025-09-29,,,,,100.0,Radar (10k-25k),None,,USD,15000.0
006ed00000JC3FJAA1,Titian Software Us Inc - Rev Cloud,2026-01-30,2025-08-20,Titian Software Us  (Cenevo),Hannah Frey,"02 - Determining Problem, Impact, Ideal",Hannah Frey,USD,40000.0,HF- 9/17- Meeting with CFO to talk through differences in rev cloud and CPQ,<NA>,<NA>,<NA>,0,,,,,,,Comment Only (25k-100k),None,,USD,40000.0
006ed00000JLqFBAA1,The Quin House - Expansion (100),2026-01-30,2025-08-22,The 'Quin House,Hannah Frey,"02 - Determining Problem, Impact, Ideal",Hannah Frey,USD,50000.0,HF 9/15 working to get Meeting scheduled with with Michelle to get intro into the customer side of the business Product: EE- Range: 20-50,<NA>,<NA>,<NA>,0,,,,,,,Comment Only (25k-100k),None,,USD,50000.0
006ed00000I1dbFAAR,Infinityy - Early Renewal - (+1EE) 3EE (+2SC) 2SC + Digital Engagement + 1 Conversation Block,2025-09-05,2025-08-01,Smarter Systems Inc. dba Infinityy,Vance Cassell,08 - Closed,Vance Cassell,USD,5868.84,"9/1 VC - following up w/ Molly, discounts offered in August have been pulled, waiting for updated project timeline, working w/ Kelsey at Abstrakt (partner)",<NA>,<NA>,IN,0,,,,,,,0-10k,USD,5868.84,USD,5868.84
006ed00000KS8lVAAT,All Access Equipment - Commerce Cloud,2026-01-31,2025-09-08,All Access Equipment,Jared McPherson,"02 - Determining Problem, Impact, Ideal",Jared McPherson,USD,49000.0,"10/1 JM: Products: Commerce Cloud : $30k-50k | Status: Discovery/ Demo | Next steps: 1st discovery ran; Setting 2nd with Commerce SE for mid Oct | Risk: Timeline, Budget | Rating: 6|",09.29 SA - Waiting for discovery/demo to be set with Commerce team. Risk: Timeline,UP-,UP -,0,2025-09-29,,,,,,Comment Only (25k-100k),None,,USD,49000.0
006ed00000KsGPFAA3,Educate 360 - (+7) 113 UE,2025-09-15,2025-09-15,Educate 360,Austin Ricci,08 - Closed,Austin Ricci,USD,10533.6,<NA>,09.15 SA - SE not involved yet,<NA>,<NA>,0,2025-09-15,,,,,,Radar (10k-25k),USD,10533.6,USD,10533.6
006ed00000G2seDAAR,Evolv - +Shield,2025-12-31,2025-07-01,"Evolv Technologies Holdings, Inc.",Jared McPherson,03 - Validating Benefits & Value,Jared McPherson,USD,116411.0,"9/30 JM: Products: Security : $80k-120k | Status: Discovery | Next steps: Partnership review 10/1| Risk: Timeline, Budget | Rating: 2 |",<NA>,<NA>,<NA>,0,,,,,,,Scorecard (+100k),USD,174411.0,USD,116411.0
006ed00000EOsqRAAT,OWN - HireClix - Backup,2026-01-31,2025-06-04,HireClix LLC,Vance Cassell,"02 - Determining Problem, Impact, Ideal",Vance Cassell,USD,6000.0,"7/14 VC - interested in backup, sending over resources + pricing",<NA>,<NA>,<NA>,0,,,,,,,0-10k,USD,6000.0,USD,6000.0
006ed00000L1dMbAAJ,Treaty Oak Clean Energy - Early Renewal,2025-11-28,2025-09-17,Treaty Oak Clean Energy,Austin Ricci,"02 - Determining Problem, Impact, Ideal",Austin Ricci,USD,15494.54,"AR 9/29: Legal view is with Karie for early renewal contract, she is discussing internally with COO John on the license count/uplift",<NA>,<NA>,<NA>,0,,,,,,,Radar (10k-25k),USD,15494.539999999994,USD,15494.54
006ed00000B8u57AAB,Connectbase - (+25EE) 25EE #NL,2026-03-31,2025-03-31,Connectbase,Vance Cassell,"02 - Determining Problem, Impact, Ideal",Vance Cassell,USD,49500.0,"5/8 VC - NL big bet target, recently came directly to invoice via SLK, leverage relationship with CTO Trey Willis to understand current systems in place today",<NA>,<NA>,UP -,0,,,,,,,Comment Only (25k-100k),None,,USD,49500.0
006ed00000JUXA5AAP,SoftInWay - Online Sales - Your Account App - Chapi,2025-08-25,2025-08-25,SoftInWay,Andrew Sopko,08 - Closed,Julia Wallace(AW),USD,300.0,<NA>,<NA>,<NA>,<NA>,0,,,,,,,0-10k,USD,300.0,USD,300.0
006ed0000034opMAAQ,"Traackr, Inc. Renewal Price Uplift: (ARY) Touchless Renewal Automation Only",2025-10-08,2024-10-07,"Traackr, Inc.",Hannah Frey,05 - Negotiating $$ & Mutual Plan,Hannah Frey,USD,128.9999999952,<NA>,<NA>,<NA>,IN,0,,,,,,,0-10k,None,,USD,128.9999999952
006ed00000F7hvfAAB,"DD Inc - Quick Add-on - June 16, 2025",2026-01-30,2025-06-16,DD Inc,Sergio Cultrera,"02 - Determining Problem, Impact, Ideal",Sergio Cultrera,USD,5000.0,10/15/25 SC: Follow up with AJ Alonzo on potential Data Cloud deal to unify usage of integration tools.Product: Data Cloud. Risk: budget. Rating: 1/10,<NA>,<NA>,UP -,0,,,,,,,0-10k,None,,USD,5000.0
006ed0000048vQWAAY,SoftInWay Renewal Price Uplift: (ARY) Touchless Renewal Automation Only,2025-10-30,2024-10-29,SoftInWay,Andrew Sopko,03 - Validating Benefits & Value,Andrew Sopko,USD,558.80376,<NA>,09.22 SA - SE not involved yet,<NA>,IN,0,2025-09-22,,,,,,0-10k,None,,USD,558.80376
006ed00000JjTfdAAF,OWN - Ligris & Associates PC - Backup,2026-03-31,2025-08-28,Ligris & Associates PC,Vance Cassell,"02 - Determining Problem, Impact, Ideal",Vance Cassell,USD,6000.0,"9/1 VC -interested in backing up data in Ligris & Associates org, sending info over and gauging timeline",<NA>,<NA>,<NA>,0,,,,,,,0-10k,None,,USD,6000.0
006ed00000K6XH7AAN,Reptrak (+50) 50 RCA,2025-11-30,2025-09-03,RepTrak,Andrew Sopko,"02 - Determining Problem, Impact, Ideal",Andrew Sopko,USD,46800.0,9/29 Set up meeting with Director of Revenue Operations to understand goals for the rest of the year and 2026 plans,<NA>,<NA>,<NA>,0,,,,,,,Comment Only (25k-100k),None,,USD,46800.0
006ed00000Hv0r7AAB,HS Brands - (+5EE) 27EE,2026-03-31,2025-07-31,HS Brands International,Vance Cassell,"02 - Determining Problem, Impact, Ideal",Vance Cassell,USD,11880.0,"8/1 VC - forecasted growth plans, continue checking in on need for additonal licenses",<NA>,<NA>,<NA>,0,,,,,,,Radar (10k-25k),None,,USD,11880.0
006ed00000ADJDZAA5,Clearer.io/Apphub - (+35) 35 EE,2026-01-30,2025-03-11,Apphub (now Clearer.io),Austin Ricci,"02 - Determining Problem, Impact, Ideal",Austin Ricci,USD,60000.0,"AR 9/29: Set up intro call with Florent & Tom, VP of Growth end of September to go over their move off of Pipedrive to SF",<NA>,<NA>,UP -,0,,,,,,,Comment Only (25k-100k),None,,USD,60000.0
006ed00000326sUAAQ,Trinity Partners Renewal Price Uplift: (ARY) Touchless Renewal Automation Only,2025-09-18,2024-10-04,Trinity Partners*,Austin Ricci,08 - Closed,Austin Ricci,USD,136.62936,<NA>,<NA>,<NA>,IN,0,,,,,,,0-10k,None,,USD,136.62936
006ed00000JZDYwAAP,Vermont Information Processing- Spiff,2025-11-28,2025-08-26,Vermont Information Processing,Hannah Frey,04 - Confirming Value With Power,Hannah Frey,USD,22500.0,"HF-9/30 CRO said most likely will happen beginning of our q4. Reconnect with Al, hes hired his new admin - introduction with her. Product: Spiff Range: 10-20 K",<NA>,<NA>,UP -,0,,,,,,,Radar (10k-25k),None,,USD,22500.0
006ed00000IF06zAAD,SLK AES Intellinet: +50 Business Plus,2026-01-31,2025-08-05,AES Intellinet Corp.,Hannah Frey,"02 - Determining Problem, Impact, Ideal",Hannah Frey,USD,5400.0,8/29 JW: ninety10 upgrading customer to lightning from classic. Product: Slack. Rating: 4/10. Risk: competitor,<NA>,<NA>,<NA>,0,,,,,,,0-10k,None,,USD,5400.0
006ed00000ClC5GAAV,TAB Go City Grainhouse: Tab+ Upgrade,2025-11-30,2025-05-02,Go City Grainhouse,Sergio Cultrera,"02 - Determining Problem, Impact, Ideal",Sergio Cultrera,USD,18000.0,10/6/25 SC - Follow up with Sean OConnel CPTO. Working with Jason our Tableau specialist on this . Product: tab. Risk: budget. Rating: 3/10,<NA>,<NA>,UP -,0,,,,,,,Radar (10k-25k),None,,USD,18000.0
006ed00000JDUgTAAX,Tripleseat - (+20) 230 EE,2026-02-27,2025-08-20,Tripleseat,Austin Ricci,"02 - Determining Problem, Impact, Ideal",Austin Ricci,USD,40000.0,"AR 9/29: Discuss license add plans with Bryan & Jules for the rest of year, growth plans",<NA>,<NA>,<NA>,0,,,,,,,Comment Only (25k-100k),None,,USD,40000.0
006ed00000JjvTpAAJ,Applied Value Group - (+5) 58 Sales Cloud EE,2025-10-31,2025-08-28,Applied Value Group,Andrew Sopko,"02 - Determining Problem, Impact, Ideal",Andrew Sopko,USD,6195.0,9/29 Connect with John to discuss license expansion needs,09.22 SA - SE not involved yet,<NA>,UP -,0,2025-09-22,,,,,,0-10k,None,,USD,6195.0
006ed000008Q8f9AAC,Linus Health Renewal Price Uplift: (ARY) Touchless Renewal Automation Only,2026-01-31,2025-02-02,Linus Health,Austin Ricci,03 - Validating Benefits & Value,Austin Ricci,USD,4924.2276,<NA>,<NA>,<NA>,<NA>,0,,,,,,,0-10k,None,,USD,4924.2276
006ed00000KDeqXAAT,OutSystems_Gigware LLC._Add-On_09/04/2025,2025-09-04,2025-09-04,OutSystems,Austin Ricci,08 - Closed,Austin Ricci,USD,2400.0,<NA>,<NA>,<NA>,<NA>,0,,,,,,,0-10k,None,,USD,2400.0
006ed00000KPXRtAAP,Veson Nautical_CloudTalk_Initial_09/15/2025,2025-09-07,2025-09-07,Veson Nautical LLC,Austin Ricci,08 - Closed,Austin Ricci,EUR,903.24,<NA>,<NA>,<NA>,<NA>,0,,,,,,,0-10k,None,,EUR,903.24
006ed00000BzyViAAJ,"Traackr, Inc. Renewal Price Uplift: (ARY) Touchless Renewal Automation Only",2026-04-14,2025-04-16,"Traackr, Inc.",Hannah Frey,03 - Validating Benefits & Value,Hannah Frey,USD,7812.315,<NA>,<NA>,<NA>,<NA>,0,,,,,,,0-10k,None,,USD,7812.315
006ed00000FPwjJAAT,Flexspring - Agentforce,2025-12-31,2025-06-20,Flexspring,Vance Cassell,"02 - Determining Problem, Impact, Ideal",Vance Cassell,USD,10000.0,"9/22 VC - Potential agentic use case with Flexspring, work with Bonnie (SF Admin) on future of their org",<NA>,<NA>,<NA>,0,,,,,,,Radar (10k-25k),None,,USD,10000.0
006ed00000JCXdEAAX,SLK - PaperlessParts - Enterprise+ Upgrade,2025-11-30,2025-08-20,Paperless Parts,Andrew Sopko,"02 - Determining Problem, Impact, Ideal",Andrew Sopko,USD,33480.0,9/29 Billy is currently trialing AI capabilities so that he can create a business case. We have positioned that the time for discounts is now and all the AI innovation will be in the Enterpise plan,<NA>,<NA>,UP -,0,,,,,,,Comment Only (25k-100k),None,,USD,33480.0
006ed00000LAz2wAAD,airSlate - Sales Cloud - EE +4 (74),2025-09-21,2025-09-19,airSlate,Casey Garfinkel,08 - Closed,Casey Garfinkel,USD,6761.28,9/19 CG: Products: Sales Cloud - EE: $5k | Status: DocuSign | Next steps: Awaiting wet signature,<NA>,<NA>,<NA>,1,,,,,,100.0,0-10k,USD,6761.28,USD,6761.28
006ed00000DP029AAD,Kennebec Technologies: +20 SC,2025-11-28,2025-05-15,Kennebec Technologies,Hannah Frey,"02 - Determining Problem, Impact, Ideal",Hannah Frey,USD,25000.0,"9/29 HF- passed from Julia, current CRM contract ends in December, reached out to VP to set up call. Product:Sales Cloud. Risk: competitors. Rating: 6/10",09.15 SA - SE not involved yet,<NA>,UP -,0,2025-09-15,,,,,,Comment Only (25k-100k),None,,USD,25000.0
006ed00000LadbSAAR,Pro-Vision Org - Quick +(20) Service Cloud,2026-01-30,2025-09-26,Pro-Vision Org,Hannah Frey,"02 - Determining Problem, Impact, Ideal",Hannah Frey,USD,35000.0,10/15 HF: Currently implementing FSL- Syncing with Adam to talk through planning for q4- Confirmed additional add on.,<NA>,<NA>,<NA>,0,,,,,,,Comment Only (25k-100k),None,,USD,35000.0
006ed00000J7CxaAAF,airSlate - Agentforce,2025-12-31,2025-08-19,airSlate,Casey Garfinkel,"02 - Determining Problem, Impact, Ideal",Casey Garfinkel,USD,43200.0,9/23 CG: Products: AF : Price Range $30k-$50k | Status: Education/Disco| Next Steps: Building out use cases with champion | Risk: Budget | Rating: 4/10,<NA>,<NA>,<NA>,0,,,,,,,Comment Only (25k-100k),USD,0.0,USD,43200.0
006ed00000ElLDsAAN,"LinkSquares, Inc. - Rev Cloud",2026-03-31,2025-06-10,"LinkSquares, Inc.",Hannah Frey,"02 - Determining Problem, Impact, Ideal",Hannah Frey,USD,48000.0,HF 10/3 Onsite scheduled with Katherine (VP Rev Ops) Onsite in August Demo.Product: Rev Cloud- Range: 80-120 K,"7/11 CD - R&R of nue.io. Customer postponed demo to next week. Risks = Competition is biggest risk (DealHub), Price, Timeline.",UP-,UP -,1,2025-07-11,,,,,200.0,Comment Only (25k-100k),None,,USD,48000.0
006ed00000LW3tAAAT,Mona Lee +20 EE #NL,2026-04-30,2025-09-25,Mona Lee,Vance Cassell,"02 - Determining Problem, Impact, Ideal",Vance Cassell,USD,25200.0,"9/25 VC - NL, work on expanding TAB footprint and gauge need for CRM",<NA>,<NA>,<NA>,0,,,,,,,Comment Only (25k-100k),None,,USD,25200.0
0063y00001A16gWAAR,Viken Detection  Renewal Price Uplift: (ARY) Touchless Renewal Automation Only,2027-01-14,2024-01-16,Viken Detection,Vance Cassell,05 - Negotiating $$ & Mutual Plan,Vance Cassell,USD,682.5,<NA>,<NA>,<NA>,<NA>,0,,,,,,,0-10k,None,,USD,682.5
006ed00000D28A8AAJ,Viken Detection - (+RCA) + (+RCB),2026-04-30,2025-05-08,Viken Detection,Vance Cassell,"02 - Determining Problem, Impact, Ideal",Vance Cassell,USD,94400.0,"8/6 VC - actively meeting w/ Chris on RCA + Billing projects, just completed DRO deep dive conversation & intro'd partner (DemandBlue), next session to cover a DRO demo to see it live in environment",<NA>,<NA>,<NA>,1,,,,,,100.0,Comment Only (25k-100k),None,,USD,94400.0
006ed00000JZIdRAAX,Automatic Laundry Service: +5 Agentforce for Service,2025-12-31,2025-08-26,Automatic Laundry Service,Vance Cassell,"02 - Determining Problem, Impact, Ideal",Vance Cassell,USD,12000.0,"9/22 VC - inherited opp, JW: setting H2 planning call with COO. Product: Agentforce. Risk: responsiveness. Rating: 2/10",<NA>,<NA>,<NA>,0,,,,,,,Radar (10k-25k),None,,USD,12000.0
006ed00000FIPVZAA5,SYNCELL - Agentforce,2026-01-01,2025-06-18,SYNCELL,Hannah Frey,"02 - Determining Problem, Impact, Ideal",Hannah Frey,USD,20000.0,"HF- 9/23- Biweekly sync with Corissa, Working on Einstein utilization. Product: Agentforce Range: 10-20 K",<NA>,<NA>,<NA>,0,,,,,,,Radar (10k-25k),None,,USD,20000.0
006ed00000LXZ2vAAH,Trinity Partners* -  UE License Add-On,2025-11-28,2025-09-25,Trinity Partners*,Austin Ricci,"02 - Determining Problem, Impact, Ideal",Austin Ricci,USD,42000.0,AR 9/29: Meet with Kevin Collins & Peter end of October to discuss license needs for 2026 after their internal discussions on headcount/growth,<NA>,<NA>,<NA>,0,,,,,,,Comment Only (25k-100k),None,,USD,42000.0
006ed00000JH3wDAAT,Trinity Partners* - New Tab Deployment,2026-02-27,2025-08-21,Trinity Partners*,Austin Ricci,"02 - Determining Problem, Impact, Ideal",Austin Ricci,USD,75000.0,AR 9/29: Continue Tab Cloud POC conversation and AI plans with BI team (Frank & Tawnie) on upcoming client deployments,<NA>,<NA>,<NA>,0,,,,,,,Comment Only (25k-100k),None,,USD,75000.0
006ed00000KSaTHAA1,SLK - Aidentified - Business+ Upgrade,2026-01-30,2025-09-08,Aidentified,Austin Ricci,"02 - Determining Problem, Impact, Ideal",Austin Ricci,USD,3999.0,AR 9/29: Sync internally with Whitney on next steps for demo features for customer Slack upgrade,09.15 SA - SE not involved yet,<NA>,<NA>,0,2025-09-16,,,,,,0-10k,None,,USD,3999.0
006ed00000LilK7AAJ,TimeTrade Systems (Engageware) - Sales Dialer +20 (20),2025-10-31,2025-09-29,TimeTrade Systems (Engageware),Casey Garfinkel,"02 - Determining Problem, Impact, Ideal",Casey Garfinkel,USD,5400.0,10/3 CG: Products: Sales Dialer (Inbound + Outbound): $5.4k | Status: Demo | Next steps: Demo with DMs 10/3 for Sales Engage + AF for Sales | Risk: Timeline; Budget; Looking at competitors,<NA>,<NA>,UP -,0,,,,,,,0-10k,None,,USD,5400.0
006ed0000033PyDAAU,Reedy Chemical Foam Renewal Price Uplift: (ARY) Touchless Renewal Automation Only,2025-09-28,2024-10-05,Reedy Chemical Foam,Austin Ricci,08 - Closed,Austin Ricci,USD,1050.385644,<NA>,09.15 SA - SE not involved,<NA>,IN,0,2025-09-15,,,,,,0-10k,None,,USD,1050.385644
006ed00000IE3BlAAL,Accelevents - Service Cloud 10+EE,2025-12-31,2025-08-05,ACCELEVENTS,Sergio Cultrera,"02 - Determining Problem, Impact, Ideal",Sergio Cultrera,USD,23760.0,10/15/25 SC : Accelevents Service cloud opportunity. Revisiting previous opp with Co-founder Andrew. Product: SC Rating: 1/10 Risk:Budget,<NA>,<NA>,<NA>,0,,,,,,,Radar (10k-25k),None,,USD,23760.0
006ed00000CevzxAAB,Intentsify.io +5 EE (165 EE),2025-11-30,2025-04-30,Intentsify.io,Vance Cassell,"02 - Determining Problem, Impact, Ideal",Vance Cassell,USD,9900.0,"9/29 VC - check in w/ Brandie on license needs, healthy license utilization",<NA>,<NA>,UP -,0,,,,,,,0-10k,None,,USD,9900.0
006ed00000J7VH4AAN,All Access Equipment - Integrations,2025-12-31,2025-08-19,All Access Equipment,Jared McPherson,"02 - Determining Problem, Impact, Ideal",Jared McPherson,USD,35000.0,"9/30 JM: Products: Mule : $20k-40k | Status: Integration Discovery | Next steps: Working to include in Commerce Eval (10/1)| Risk: Timeline, Budget | Rating: 5 |",<NA>,<NA>,<NA>,0,,,,,,,Comment Only (25k-100k),USD,0.0,USD,35000.0
006ed00000GVcEIAA1,TimeTrade Systems (Engageware) - Rev Cloud,2026-01-31,2025-07-09,TimeTrade Systems (Engageware),Casey Garfinkel,"02 - Determining Problem, Impact, Ideal",Casey Garfinkel,USD,96000.0,<NA>,<NA>,<NA>,<NA>,0,,,,,,,Comment Only (25k-100k),None,,USD,96000.0
006ed00000LcZVJAA3,All Access Equipment - 10 Community,2025-09-29,2025-09-26,All Access Equipment,Jared McPherson,08 - Closed,Jared McPherson,USD,1800.0,"9/26 JM: Products: Platform : $1k-5k | Status: Docusign | Next steps: Docusign published for completion | Risk: Timeline, Budget | Rating: 7 |",<NA>,<NA>,IN,0,,,,,,,0-10k,USD,1800.0,USD,1800.0
006ed000002pYRtAAM,Axiom Learning Solutions Renewal Price Uplift: (ARY) Touchless Renewal Automation Only,2025-09-26,2024-10-01,Axiom Learning Solutions,Austin Ricci,08 - Closed,Austin Ricci,USD,1086.624,<NA>,<NA>,<NA>,IN,0,,,,,,,0-10k,None,,USD,1086.624
006ed000007VqeNAAS,The Boston Solar Company Inc Renewal Price Uplift: (ARY) Touchless Renewal Automation Only,2026-01-13,2025-01-15,The Boston Solar Company Inc,Casey Garfinkel,03 - Validating Benefits & Value,Casey Garfinkel,USD,4825.08,<NA>,<NA>,<NA>,<NA>,0,,,,,,,0-10k,None,,USD,4825.08
006ed00000Ceu1NAAR,ACE Solar - (+30 EE) + (+30 FSL),2026-03-31,2025-04-30,ACE Solar,Vance Cassell,"02 - Determining Problem, Impact, Ideal",Vance Cassell,USD,82500.0,"5/1 VC: Reach out to Mark, prospecting phase, lining up for start of slow season (winter) for deployment of SF Platform. Prospecting phase, duplicate account in org62.",<NA>,<NA>,<NA>,0,,,,,,,Comment Only (25k-100k),None,,USD,82500.0
006ed00000JivdyAAB,Ligris & Associates PC - (+10 Platform) 72 Platform,2026-04-30,2025-08-28,Ligris & Associates PC,Vance Cassell,"02 - Determining Problem, Impact, Ideal",Vance Cassell,USD,16800.0,"9/1 VC - forecasted growth plans for Ligris & Associates, checking in w/ Christos on timeline",<NA>,<NA>,<NA>,0,,,,,,,Radar (10k-25k),None,,USD,16800.0
006ed00000Ek5hNAAR,Veson Nautical - #Agentforce,2025-12-31,2025-06-10,Veson Nautical LLC,Austin Ricci,"02 - Determining Problem, Impact, Ideal",Austin Ricci,USD,45000.0,"AR 9/29: Meet with leadership, Vake VP of IT and Raffi, Salesforce Admin to continue discussion around AI initiatives and Sales Coach",<NA>,<NA>,<NA>,1,,,,,,100.0,Comment Only (25k-100k),None,,USD,45000.0
006ed00000JZGtNAAX,Revinova: MC,2025-11-30,2025-08-26,Revinova,Hannah Frey,"02 - Determining Problem, Impact, Ideal",Hannah Frey,USD,33000.0,"9/29 HF: Passed from Julia Intro note to CEO, Goal to schedule call with him to see if hes open to evaluating. Product: account engagement. Rating: 3/10. Risk: competitor (hubspot)",<NA>,<NA>,<NA>,0,,,,,,,Comment Only (25k-100k),None,,USD,33000.0
006ed00000J6qqcAAB,Ognomy - Sales Cloud 10+ EE,2025-12-31,2025-08-19,Ognomy,Sergio Cultrera,"02 - Determining Problem, Impact, Ideal",Sergio Cultrera,USD,21000.0,10/21/25 SC: Dr Daniel is CEO. Startup company looking for funding currently. May be interested in Salesforce CRM and Service Cloud to start. Potential for Slack as well. Product: Service Cloud Risk: Budget Rating:2/10,<NA>,<NA>,UP -,0,,,,,,,Radar (10k-25k),None,,USD,21000.0
006ed00000HCu1RAAT,Posh Technologies Inc. Own Legacy- Late Renewal- iACV,2025-08-29,2025-07-21,Posh Technologies Inc.,Jared McPherson,08 - Closed,Jared McPherson,USD,269.88,8/27 JM: Products: Own renewal : $0k-1k | Status: Renewal Confirmation | Next steps: Docusign Execution | Risk: Timeline | Rating: 8 |,<NA>,<NA>,<NA>,0,,,,,,,0-10k,USD,5662.2,USD,269.88
006ed00000IfQgvAAF,Trinity Partners - Agentforce Flex Credit Add-on (Phase 2),2026-01-31,2025-08-12,Trinity Partners*,Austin Ricci,"02 - Determining Problem, Impact, Ideal",Austin Ricci,USD,30000.0,AR 9/29: Continue Agentforce POC and AI plans post Dreamforce with Karthik and Peter,<NA>,<NA>,<NA>,0,,,,,,,Comment Only (25k-100k),None,,USD,30000.0
006ed00000A0dq1AAB,Assette-SLK(+100)100,2025-12-31,2025-03-06,Assette,Vance Cassell,"02 - Determining Problem, Impact, Ideal",Vance Cassell,USD,30000.0,"9/22 VC - Pete still considering options when it comes to internal messaging tool, would only need 50-100 users today and then scale up, Pete wants to loop in head of CS to join conversation, sent email over and figuring out best next steps for a call.",<NA>,<NA>,<NA>,0,,,,,,,Comment Only (25k-100k),None,,USD,30000.0
006ed00000IfQdhAAF,Freightplus.io - (+20EE) 10EE #NewLogo,2026-03-31,2025-08-12,Freightplus.io,Vance Cassell,"02 - Determining Problem, Impact, Ideal",Vance Cassell,USD,42000.0,"8/12 VC - new logo target, targeting CEO Steve Aborn for an onsite",<NA>,<NA>,<NA>,0,,,,,,,Comment Only (25k-100k),None,,USD,42000.0
006ed00000IpMlhAAF,Stablepoint Partners - Mulesoft,2026-01-31,2025-08-14,Stablepoint Partners,Casey Garfinkel,"02 - Determining Problem, Impact, Ideal",Casey Garfinkel,USD,35000.0,9/11 CG: Products: Mulesoft | Status: Disco | Next steps: Education session 9/11 for Slack + Fin Serv Cloud | Risk: Timeline; Budget; Reluctance to change,<NA>,<NA>,<NA>,0,,,,,,,Comment Only (25k-100k),None,,USD,35000.0
0063y00001A0ypfAAB,"Double E Company, Llc  Renewal Price Uplift: (ARY) Touchless Renewal Automation Only",2027-11-13,2024-01-05,"Double E Company, Llc",Austin Ricci,05 - Negotiating $$ & Mutual Plan,Austin Ricci,USD,11842.9560432,<NA>,<NA>,<NA>,<NA>,0,,,,,,,Radar (10k-25k),None,,USD,11842.9560432
006ed00000HDBofAAH,The 'Quin Impact Fund (+3) PS #NewLogo,2025-10-31,2025-07-21,The 'Quin House,Hannah Frey,06 - Finalizing Closure,Hannah Frey,USD,3114.0,9/30 HF Final decision with technical team at 2 pm. Product: Prosuite Range 2-5K,"09.29 SA - PeopleVine won't integrate with SF. If they don't open up integration, they might not be able to move forward. Setting up time with technical resource Jerrel.Risk: Timing & Urgency",<NA>,UP -,0,2025-09-29,,,,,,0-10k,USD,3114.0,USD,3114.0
006ed00000J6PKBAA3,HireClix LLC - (+2 SE) 11 SE + (+1EE) 15EE,2025-10-31,2025-08-19,HireClix LLC,Vance Cassell,03 - Validating Benefits & Value,Vance Cassell,USD,2831.4,"9/29 VC - check-in w/ Rachael 10/6, Rachael + HireClix Sales team potentially in need of an additional CRM + two sales engagement licenses, quote shared and awaiting feedback",09.29 SA - Check in with Admin on 10/06. Premier Success session on 09.11 went well. Risk: Don't know if they'll need more licenses,UP-,UP -,1,2025-09-29,,,,,100.0,0-10k,USD,2831.4,USD,2831.4
006ed00000JZYOrAAP,Sullivan and Merritt - Field Services,2026-01-31,2025-08-26,"Sullivan and Merritt Constructors, Inc.",Sergio Cultrera,"02 - Determining Problem, Impact, Ideal",Sergio Cultrera,USD,41400.0,9/15/25 SC: Connected with Lance and Doug the Owner about potential Field Service Cloud for there construction company. Product: Field Service Risk: Budget Rating 2/10,<NA>,<NA>,<NA>,0,,,,,,,Comment Only (25k-100k),None,,USD,41400.0
006ed00000CuaOTAAZ,Quantix SCS: +75 FSL,2026-02-28,2025-05-06,"Quantix SCS, LLC.",Casey Garfinkel,"02 - Determining Problem, Impact, Ideal",Casey Garfinkel,USD,50000.0,9/1 JW: sending leadership agenda for product deep dive.,<NA>,<NA>,<NA>,0,,,,,,,Comment Only (25k-100k),None,,USD,50000.0
006ed000008Hq0rAAC,Crayon Renewal Price Uplift: (ARY) Touchless Renewal Automation Only,2026-01-28,2025-01-30,Crayon,Sergio Cultrera,03 - Validating Benefits & Value,Sergio Cultrera,USD,3075.12,<NA>,<NA>,<NA>,<NA>,0,,,,,,,0-10k,None,,USD,3075.12
006ed00000Kw5OpAAJ,C&L Aerospace +25 EE Sales BDR,2025-12-31,2025-09-16,C&L Aviation Group Status,Sergio Cultrera,"02 - Determining Problem, Impact, Ideal",Sergio Cultrera,USD,67500.0,11/1/25 SC Reengaged on possibility of Sales cloud EE opportunity. Setting up further discovery call after initial contact. Product: Sales EE Risk: Comp/Budget. Rating 1/10,<NA>,<NA>,<NA>,0,,,,,,,Comment Only (25k-100k),None,,USD,67500.0
006ed00000IEc7tAAD,airSlate - EE to UE Upgrade,2026-01-31,2025-08-05,airSlate,Casey Garfinkel,"02 - Determining Problem, Impact, Ideal",Casey Garfinkel,USD,117875.0,8/8 - Read back with Jared,<NA>,<NA>,<NA>,0,,,,,,,Scorecard (+100k),None,,USD,117875.0
006ed000004n37TAAQ,Mauve Group DBA Coral Sunset Renewal Price Uplift: (ARY) Touchless Renewal Automation Only,2025-11-13,2024-11-12,Mauve Group DBA Coral Sunset,Jared McPherson,03 - Validating Benefits & Value,Jared McPherson,USD,2792.2827,<NA>,<NA>,<NA>,<NA>,0,,,,,,,0-10k,None,,USD,2792.2827
006ed00000LNKOXAA5,Starburst - Own,2025-10-31,2025-09-23,Starburst Data,Jared McPherson,"02 - Determining Problem, Impact, Ideal",Jared McPherson,USD,40152.0,"9/30 JM: Products: Own : $30k-60k | Status: Storage Discovery | Next steps: Usage approaching limit; Collab with Aaron on going wider and Setting call with Katie for longer term plan | Risk: Timeline, Budget | Rating: 4 |",09.29 SA - Setting call to talk through basics of Own as their usage is approaching limit. Risk: Budget,<NA>,UP -,0,2025-09-29,,,,,,Comment Only (25k-100k),None,,USD,40152.0
006ed00000K5jFXAAZ,Paperless Parts (+40) 40 Sales Engagement,2026-01-31,2025-09-03,Paperless Parts,Andrew Sopko,"02 - Determining Problem, Impact, Ideal",Andrew Sopko,USD,20160.0,9/8 Schedule intro call based on recent security concerns with Salesloft,<NA>,<NA>,<NA>,0,,,,,,,Radar (10k-25k),None,,USD,20160.0
006ed00000L6EKMAA3,Appcues- Own Legacy Renewal 2025,2025-09-18,2025-09-18,Appcues,Austin Ricci,08 - Closed,Austin Ricci,USD,359.4,<NA>,<NA>,<NA>,<NA>,0,,,,,,,0-10k,USD,6360.0,USD,359.4
006ed000005SQ7xAAG,"Quantix SCS, LLC. - (+Agentforce) #Agentforce",2025-12-31,2024-11-25,"Quantix SCS, LLC.",Casey Garfinkel,"02 - Determining Problem, Impact, Ideal",Casey Garfinkel,USD,50000.0,9/11 CG: Product: Agentforce | Status: Feedback | Next steps: Greg pushed projects out to back half of Q4 due to other initiatives that take priority with their re-structure | Risk: Current implementation strategy,09.09 SA - Working on getting new AE up to speed on account and set additional discovery meetings. Risk: Urgency,UP-,UP -,1,2025-09-08,,,,,125.0,Comment Only (25k-100k),None,,USD,50000.0
006ed00000IOqmHAAT,Runtime Enterprises Inc. - (+1) 7 PE,2025-08-28,2025-08-07,Runtime Enterprises Inc.,Austin Ricci,08 - Closed,Austin Ricci,USD,802.8,"AR 8/25: Michael CEO has legal view, gave verbal he will sign be EOW",<NA>,<NA>,IN,0,,,,,,,0-10k,USD,802.8,USD,802.8
006ed00000BbPXOAA3,Automatic Laundry Service: +40 RCA,2026-01-31,2025-04-08,Automatic Laundry Service,Vance Cassell,03 - Validating Benefits & Value,Vance Cassell,USD,48000.0,9/1 JW: scheduling process review with Ninety10. Risk: budget. Rating: 5/10. Product: RCA.,"5.2 CD - SE not yet involved6.6 CD - After initial positive discussion, customer decided to go with Microsoft Field Service solution. Sounds like implementation started. My assessment is this deal is dead.",<NA>,UP -,0,2025-06-12,,,,,,Comment Only (25k-100k),None,,USD,48000.0
006ed00000L7HJNAA3,Tripleseat - +50k API Calls,2025-09-22,2025-09-18,Tripleseat,Austin Ricci,08 - Closed,Austin Ricci,USD,1151.4,"AR 9/22: DocuSign is out, waiting for signature",09.22 SA - SE not involved,<NA>,IN,0,2025-09-22,,,,,,0-10k,USD,1151.4,USD,1151.4
006ed000002jDhXAAU,ASIC North Renewal Price Uplift: (ARY) Touchless Renewal Automation Only,2025-09-27,2024-09-30,ASIC North,Casey Garfinkel,08 - Closed,Casey Garfinkel,USD,63.0,<NA>,<NA>,<NA>,UP -,0,,,,,,,0-10k,None,,USD,63.0
006ed00000J7dg1AAB,BigBelly Solar - Revenue Cloud,2026-01-31,2025-08-19,"Bigbelly Solar, Inc.",Sergio Cultrera,"02 - Determining Problem, Impact, Ideal",Sergio Cultrera,USD,48000.0,10/15/25 SC: Engaging with Brian Phillips on there renewal and pitching $0 CPQ license promotion. Product:RevCloud Risk:Budget Rating 2/10,<NA>,<NA>,<NA>,0,,,,,,,Comment Only (25k-100k),None,,USD,48000.0
006ed00000G8GXpAAN,AES Intellinet Corp: Agentforce #Agentforce,2026-01-31,2025-07-02,AES Intellinet Corp.,Hannah Frey,"02 - Determining Problem, Impact, Ideal",Hannah Frey,USD,15000.0,9/2 JW: ninety10 upgrading customer to lightning from classic. Rating: 6/10. Risk: timeline/urgency,<NA>,<NA>,<NA>,0,,,,,,,Radar (10k-25k),None,,USD,15000.0
006ed00000JBudSAAT,PaperlessParts +45 RCG,2026-01-31,2025-08-20,Paperless Parts,Andrew Sopko,"02 - Determining Problem, Impact, Ideal",Andrew Sopko,USD,56700.0,9/8 AS to Schedule intro call with VP of Rev Ops,<NA>,<NA>,UP -,0,,,,,,,Comment Only (25k-100k),None,,USD,56700.0
006ed00000JZkUrAAL,Vulncheck - UE Upgrade,2026-01-31,2025-08-26,VulnCheck,Jared McPherson,"02 - Determining Problem, Impact, Ideal",Jared McPherson,USD,33000.0,"9/30 JM: Products: UE Upgrade : $20k-40k | Status: Discovery | Next steps: Followed up 9/30 on time for Nov Onsite | Risk: Timeline, Budget | Rating: 5 |",<NA>,<NA>,<NA>,0,,,,,,,Comment Only (25k-100k),None,,USD,33000.0
006ed00000Lc5p0AAB,Tripleseat_GridPal LLC_Initial_09/26/2025,2025-09-26,2025-09-26,Tripleseat,Austin Ricci,08 - Closed,Austin Ricci,USD,118.8,<NA>,<NA>,<NA>,<NA>,0,,,,,,,0-10k,None,,USD,118.8
006ed00000J71dxAAB,Ognomy- Slack Pro 12+ Annual Plan,2025-12-31,2025-08-19,Ognomy,Sergio Cultrera,"02 - Determining Problem, Impact, Ideal",Sergio Cultrera,USD,1044.0,10/21/25 SC: Dr Daniel is CEO. Startup company looking for funding currently. May be interested in Salesforce CRM and Service Cloud to start. Potential for Slack as well. Product: Service Cloud Risk: Budget Rating:2/10,<NA>,<NA>,<NA>,0,,,,,,,0-10k,None,,USD,1044.0
006ed00000KWaPpAAL,Capital Transportation Logistics,2026-01-31,2025-09-09,"Capital Transportation Logistics, LLC",Sergio Cultrera,"02 - Determining Problem, Impact, Ideal",Sergio Cultrera,USD,82800.0,<NA>,<NA>,<NA>,<NA>,0,,,,,,,Comment Only (25k-100k),None,,USD,82800.0
006ed00000Lp0xxAAB,Captivate - (+50 Agentforce for Service) 50 Agentforce for Service,2026-01-31,2025-09-30,Captivate,Vance Cassell,"02 - Determining Problem, Impact, Ideal",Vance Cassell,USD,45000.0,"10/1 VC - working with VP of IT, Scott Yapp, on Agentforce use cases, chatting through use cases provided on 10/14",<NA>,<NA>,<NA>,0,,,,,,,Comment Only (25k-100k),None,,USD,45000.0
006ed00000E5QHxAAN,CoreMap- +25 EE,2026-01-30,2025-05-29,CoreMap,Hannah Frey,"02 - Determining Problem, Impact, Ideal",Hannah Frey,USD,49500.0,HF- 9/8 #Aspiration- Goal to engage CEO to talk through CRM. Sales Cloud Range: 10-20 K Risk: Budget,<NA>,<NA>,<NA>,0,,,,,,,Comment Only (25k-100k),None,,USD,49500.0
006ed00000K9kHqAAJ,Ligris - Online Sales - Your Account App - Chapi,2025-09-03,2025-09-04,Ligris,Vance Cassell,08 - Closed,Vance Cassell,USD,1200.0,<NA>,<NA>,<NA>,<NA>,0,,,,,,,0-10k,USD,1200.0,USD,1200.0
006ed00000FmpFhAAJ,aPriori - Spiff,2025-10-31,2025-06-26,aPriori,Hannah Frey,"02 - Determining Problem, Impact, Ideal",Hannah Frey,USD,31500.0,HF 9/29 Aaron partner reached out to Irina to confirm timeline.. Product: Spiff Range: 20-45K,09.29 SA - Partner is working to confirm timeline.,<NA>,UP -,0,2025-09-29,,,,,,Comment Only (25k-100k),None,,USD,31500.0
006ed00000KbOz8AAF,US Proptech Council - (+4EE) 4EE + (+250 CC Members) 250 CC Members #NewLogo,2025-09-22,2025-09-10,US Proptech Council,Vance Cassell,08 - Closed,Vance Cassell,USD,7999.992,9/22 VC - Docusign sent for signature,09.15 SA - Discovery call on 09.10. Need centralized CRM that can scale with customer portals. Follow up call 09.15Risk: Pricing,UP-,IN,0,2025-09-15,,,,,,0-10k,USD,7999.992,USD,7999.992
006ed00000KWPZFAA5,Veson Nautical LLC - Slack User Ramp,2025-12-31,2025-09-09,Veson Nautical LLC,Austin Ricci,08 - Closed,Austin Ricci,USD,82500.0,<NA>,<NA>,<NA>,<NA>,0,,,,,,,Comment Only (25k-100k),None,,USD,82500.0
006ed00000HuztRAAR,Intentsify.io - RCA,2026-05-31,2025-07-31,Intentsify.io,Vance Cassell,"02 - Determining Problem, Impact, Ideal",Vance Cassell,USD,52800.0,"8/1 VC - RCA interest, SF admin / operations specialist attended RCA breakfast at BOS World Tour",<NA>,<NA>,<NA>,0,,,,,,,Comment Only (25k-100k),None,,USD,52800.0
006ed0000033TqJAAU,"Olmstead Associates, LLC Renewal Price Uplift: (ARY) Touchless Renewal Automation Only",2025-09-07,2024-10-05,"Olmstead Associates, LLC",Casey Garfinkel,08 - Closed,Casey Garfinkel,USD,411.6,<NA>,<NA>,<NA>,UP -,0,,,,,,,0-10k,None,,USD,411.6
006ed00000HfnfhAAB,Accelevents 10 Sales Cloud EE,2026-03-31,2025-07-28,ACCELEVENTS,Sergio Cultrera,"02 - Determining Problem, Impact, Ideal",Sergio Cultrera,USD,21780.0,9/19/25 SC: Reching out to Jared Surasky the VP about SC license purchase Product: Sales Cloud Risk: Budget. Rating: 3/10,<NA>,<NA>,<NA>,0,,,,,,,Radar (10k-25k),None,,USD,21780.0
006ed00000IRMDOAA5,Accelevents - Slack Biz+ 10+,2025-12-31,2025-08-08,ACCELEVENTS,Sergio Cultrera,"02 - Determining Problem, Impact, Ideal",Sergio Cultrera,USD,1500.0,10/19/25 SC: Team does not currently use slack but general need. Andrew Gelnias CoFounder follow up. Product: Slack Business. Rating: 2/10 Risk: Budget,<NA>,<NA>,<NA>,0,,,,,,,0-10k,None,,USD,1500.0
006ed00000FPZ5CAAX,PaperlessPARTS + Agentforce,2025-12-31,2025-06-20,Paperless Parts,Andrew Sopko,"02 - Determining Problem, Impact, Ideal",Andrew Sopko,USD,15000.0,6/23 AS to schedule intro call with Head of Customer Success,<NA>,<NA>,<NA>,0,,,,,,,Radar (10k-25k),None,,USD,15000.0
006ed00000KRc2TAAT,H.C. Nye Co._Conga_Renewal_09/23/2025,2025-09-08,2025-09-08,"H.C. Nye Company, Inc",Jared McPherson,08 - Closed,Jared McPherson,USD,17.877024,<NA>,<NA>,<NA>,<NA>,0,,,,,,,0-10k,None,,USD,17.877024
006ed00000KCfruAAD,Linus Health - (+20) 67 EE,2025-10-31,2025-09-04,Linus Health,Austin Ricci,"02 - Determining Problem, Impact, Ideal",Austin Ricci,USD,27000.0,AR 9/29: Meeting set with Joe & Curt on 10/8 to discuss license needs and growth for 2026,09.29 SA - Meeting set for 10.08 to talk through license needs,UP-,UP -,1,2025-09-29,,,,,100.0,Comment Only (25k-100k),None,,USD,27000.0
006ed00000Jl1KHAAZ,"Aegis Solutions LLC Renewal (Child opp) 9 SFA, 8 Call Center, 27 Customer Portal",2025-08-28,2025-08-28,Aegis Solutions LLC,Sergio Cultrera,08 - Closed,Sergio Cultrera,USD,3120.0,<NA>,<NA>,<NA>,<NA>,0,,,,,,,0-10k,None,,USD,3120.0
006ed00000JBGswAAH,Labster - CPQ to Revenue Cloud Upgrade,2025-12-31,2025-08-20,Labster.,Andrew Sopko,"02 - Determining Problem, Impact, Ideal",Andrew Sopko,USD,22842.0,9/8 schedule call to identify potential upgrade from CPQ,<NA>,<NA>,<NA>,0,,,,,,,Radar (10k-25k),None,,USD,22842.0
006ed00000HO9GTAA1,TAB - LinkSquares- Embedded UBL / 26 C / 34 E / 10k Impressions / #TabEAforSMB / #tab-premier,2026-01-30,2025-07-23,"LinkSquares, Inc.",Hannah Frey,05 - Negotiating $$ & Mutual Plan,Hannah Frey,USD,53159.2,9/15 HF Had formal pricing wcall W/ Laura + Bobbie (SR. Project mgmt) + VP of technical services. Monday meet to cover pilot for engineering team. RISK: Staying on Looker Range 45-55K,09.15 SA - Tableau team had demo 09.09. Pricing call 09.09 after ballpark pricing given last week. Risk: Evaluating other products and doing formal evaluation.,UP-,UP -,1,2025-09-15,,,,,200.0,Comment Only (25k-100k),USD,53159.2,USD,53159.2
006ed00000LOdFRAA1,Phoenix Forging Group- (+10) Sales EE + Dialer,2025-11-28,2025-09-23,"Phoenix Forging Company, Inc.",Austin Ricci,"02 - Determining Problem, Impact, Ideal",Austin Ricci,USD,24000.0,AR 9/29: Set up second disco call with Sales team prior to demo to get a better sense of their needs/pain points of current systems,<NA>,<NA>,<NA>,1,,,,,,100.0,Radar (10k-25k),None,,USD,24000.0
006ed00000EX3v7AAD,OWN - Halloan Consulting Group - Backup,2026-03-31,2025-06-06,Halloran Consulting Group Inc (Acquired),Vance Cassell,"02 - Determining Problem, Impact, Ideal",Vance Cassell,USD,12000.0,"6/6 VC - interested in backup, sending over resources",<NA>,<NA>,<NA>,0,,,,,,,Radar (10k-25k),None,,USD,12000.0
006ed00000KcD3xAAF,"Traackr, Inc. - Sheild",2025-12-31,2025-09-10,"Traackr, Inc.",Hannah Frey,"02 - Determining Problem, Impact, Ideal",Hannah Frey,USD,40000.0,"HF- 9/26 Proposed call with VP of Legal + Aaron. He has some questions surrounding what data was leaked in the Sales loft breach. Product: Shield, Range: 30-50K",<NA>,<NA>,<NA>,0,,,,,,,Comment Only (25k-100k),None,,USD,40000.0
006ed00000333UUAAY,AOS 91 Renewal Price Uplift: (ARY) Touchless Renewal Automation Only,2025-09-08,2024-10-05,AOS 91,Hannah Frey,08 - Closed,Hannah Frey,USD,15.0,<NA>,<NA>,<NA>,UP -,0,,,,,,,0-10k,None,,USD,15.0
006ed00000Afj6fAAB,Trinity Partners - Tableau Cloud Migration and Tab+ Upgrade,2025-11-30,2025-03-20,Trinity Partners*,Austin Ricci,"02 - Determining Problem, Impact, Ideal",Austin Ricci,USD,65000.0,AR 9/29: Follow up call with PD and BI team on resources shared to continue discussion around migration to Tableau Cloud,08.11 SA - SE not involved yet,<NA>,UP -,1,2025-08-11,,,,,100.0,Comment Only (25k-100k),None,,USD,65000.0
006ed00000F5nFaAAJ,"Magical- EE,  #Agentforce, Foundations",2025-12-31,2025-06-16,Magical,Sergio Cultrera,"02 - Determining Problem, Impact, Ideal",Sergio Cultrera,USD,9800.0,10/15 SC Follwing up with Manu and Sasha to set a deeper discovery call with them. Product: Agentforce Risk: Budget Rating: 1/10,<NA>,<NA>,<NA>,0,,,,,,,0-10k,None,,USD,9800.0
006ed00000JeqoAAAR,Aegis Solutions LLC - Online Sales - Your Account App - Chapi,2025-08-27,2025-08-27,Aegis Solutions LLC,Sergio Cultrera,08 - Closed,Sergio Cultrera,USD,2880.0,<NA>,<NA>,<NA>,<NA>,0,,,,,,,0-10k,USD,2880.0,USD,2880.0
006ed00000FCTgjAAH,Lucidea (InMagic): Agentforce #Agentforce,2026-01-31,2025-06-17,Lucidea (InMagic),Sergio Cultrera,"02 - Determining Problem, Impact, Ideal",Sergio Cultrera,USD,6000.0,9/1 JW: closing out fiscal year - reengage in september. Risk: hubspot users. Product: Agentforce,<NA>,<NA>,<NA>,0,,,,,,,0-10k,None,,USD,6000.0
006ed00000FPHuiAAH,Viken Detection - Agentforce,2026-01-31,2025-06-20,Viken Detection,Vance Cassell,"02 - Determining Problem, Impact, Ideal",Vance Cassell,USD,20000.0,"7/14 VC - current foundations customer, spark agentforce convos",<NA>,<NA>,<NA>,0,,,,,,,Radar (10k-25k),None,,USD,20000.0
006ed00000FCSsjAAH,Zapata Computing - Agentforce Opportunity,2025-11-30,2025-06-17,Zapata Computing,Sergio Cultrera,"02 - Determining Problem, Impact, Ideal",Sergio Cultrera,USD,6600.0,10/21/25 SC: Set discovery call with Christopher. Product: Agentforce Risk: Budget Rating: 1/10,<NA>,<NA>,<NA>,0,,,,,,,0-10k,None,,USD,6600.0
006ed00000LpBi5AAF,Craftsman Technology Group - Renewal Uplift,2025-10-01,2025-09-30,Craftsman Technology Group,Vance Cassell,08 - Closed,Vance Cassell,USD,2483.28,10/1 VC - renewal uplift shell opp,<NA>,<NA>,<NA>,0,,,,,,,0-10k,None,,USD,2483.28
006ed00000IE5wjAAD,Accelevents - Sales Cloud 10+ EE,2025-12-31,2025-08-05,ACCELEVENTS,Sergio Cultrera,"02 - Determining Problem, Impact, Ideal",Sergio Cultrera,USD,23760.0,10/15/25 SC : Sales cloud opportunity with Andrew the Co-founder replace current crm. Team of 10 sellers Product: SC. Risk: Budget. Rating 1/10,<NA>,<NA>,<NA>,0,,,,,,,Radar (10k-25k),None,,USD,23760.0
006ed00000JdLUgAAN,Integrated Technologies - (20) Service Cloud,2026-01-30,2025-08-27,Integrated Technologies,Hannah Frey,"02 - Determining Problem, Impact, Ideal",Hannah Frey,USD,31500.0,"HF- 9/13 Sophomore account, just got all set up on Sales cloud- Open to talking through their serivce team- currently manual process. Call with Brandon (Operations lead) Product: Service Range: 20-30 K",<NA>,<NA>,<NA>,0,,,,,,,Comment Only (25k-100k),None,,USD,31500.0
006ed00000J3JrBAAV,Boston Solar - Field Service +15 (15),2025-12-31,2025-08-18,The Boston Solar Company Inc,Casey Garfinkel,"02 - Determining Problem, Impact, Ideal",Casey Garfinkel,USD,28350.0,9/15 CG: Products: Field Service : $31k | Status: Disco/education | Next steps: Project pushed - Reach out for Disco for Field Service with Jesse and Daisy | Risk: Timeline; Budget,<NA>,<NA>,UP -,1,,,,,,100.0,Comment Only (25k-100k),None,,USD,28350.0
006ed000003tP5hAAE,"Pro-Vision (12) FSL+ (8) Technician (5) Service Cloud, Full Copy Sandbox",2025-09-22,2024-10-23,Pro-Vision Org,Hannah Frey,08 - Closed,Hannah Frey,USD,40563.1296,HF- 9/22- Sent Docusign to CFO Product: Field service Range: 50-60 K Risk:Timing,09.15 SA - Pro-Vision is reviewing SF and partner pricing. AE is working to set up weekly syncs to keep a pulse going into budgeting month (October) Risks = Pricing & Timing,UP+,IN,1,2025-09-15,,,,,225.0,Comment Only (25k-100k),USD,40563.129599999986,USD,40563.1296
006ed00000If3cHAAR,Alpha Chemical - Sales Cloud EE 11+,2025-12-31,2025-08-12,Alpha Chemical,Sergio Cultrera,"02 - Determining Problem, Impact, Ideal",Sergio Cultrera,USD,23100.0,10/15/25 SC: Follow up with Steven Juckett President about SC opportunity I met with Allie Foran about. Set intro call with him and his sales manager . Product: Sales Cloud Enterprise. Risk: Budget. Rating: 2/10,<NA>,<NA>,<NA>,0,,,,,,,Radar (10k-25k),None,,USD,23100.0
006ed00000LNozJAAT,Entromy  + RCA,2025-11-30,2025-09-23,Entromy,Jared McPherson,03 - Validating Benefits & Value,Jared McPherson,USD,50400.0,"9/30 JM: Products: RCA : $30k-50k | Status: Discovery | Next steps: Followed up on anything outstanding and setting Mutual Plan | Risk: Timeline, Budget | Rating: 5 |",<NA>,<NA>,<NA>,0,,,,,,,Comment Only (25k-100k),None,,USD,50400.0
006ed00000KHdPeAAL,Trinity Partners - Conversation to Flex Credit Swap,2025-09-19,2025-09-05,Trinity Partners*,Austin Ricci,08 - Closed,Austin Ricci,USD,3716.44872678,<NA>,<NA>,<NA>,<NA>,1,,,,,,100.0,0-10k,USD,3716.4487267721947,USD,3716.44872678
006ed00000LRkVkAAL,"PDT - Double E Company, Llc - AO - CB",2025-10-31,2025-09-24,"Double E Company, Llc",Austin Ricci,06 - Finalizing Closure,Austin Ricci,USD,920.4,"AR 9/29: DocuSign sent out for MC Contacts overage, waiting on Jared to respond",<NA>,<NA>,UP -,0,,,,,,,0-10k,USD,920.4,USD,920.4
006ed00000FIRqjAAH,Ampion - Agentforce,2025-12-31,2025-06-18,Ampion CRM,Hannah Frey,"02 - Determining Problem, Impact, Ideal",Hannah Frey,USD,10000.0,HF-9/25 Jason working through a data clean up to prep for AI- set up workshop session w/ his extended team to cover usecases,<NA>,<NA>,<NA>,0,,,,,,,Radar (10k-25k),None,,USD,10000.0
006ed000002sbmJAAQ,Squadle Renewal Price Uplift: (ARY) Touchless Renewal Automation Only,2025-10-01,2024-10-02,Squadle,Vance Cassell,08 - Closed,Vance Cassell,USD,332.1585490896,9/29 VC - confirming renewal with Squadle team,<NA>,<NA>,IN,0,,,,,,,0-10k,None,,USD,332.1585490896
006ed00000JdjjuAAB,Boston Conveyor & Automation (Acquired) - Online Sales - Your Account App - Chapi,2025-08-27,2025-08-27,Boston Conveyor & Automation (Acquired),Andrew Sopko,08 - Closed,Andrew Sopko,USD,1440.0,<NA>,<NA>,<NA>,<NA>,0,,,,,,,0-10k,USD,1440.0,USD,1440.0
006ed00000CzAZqAAN,SLK - Transmit Security - Enterprise+ Upgrade,2025-11-30,2025-05-07,Transmit Security,Vance Cassell,03 - Validating Benefits & Value,Vance Cassell,USD,47704.5,9/29 VC - respark conversations about Enterprise search project,"8/1 CD - Possibility for ""POC."" On pause due to world events. Main contacts/DM in Israel.",UP-,UP -,1,2025-08-01,,,,,100.0,Comment Only (25k-100k),USD,92704.5,USD,47704.5
006ed00000H3hMnAAJ,Halloran Consulting Group - Data Cloud,2026-04-30,2025-07-18,Halloran Consulting Group Inc (Acquired),Vance Cassell,"02 - Determining Problem, Impact, Ideal",Vance Cassell,USD,30000.0,"7/18 VC - sent data cloud pitch, following up for feedback",<NA>,<NA>,<NA>,0,,,,,,,Comment Only (25k-100k),None,,USD,30000.0
006ed00000GVur7AAD,"LinkSquares, Inc. - UE Upgrade",2025-12-30,2025-07-09,"LinkSquares, Inc.",Hannah Frey,"02 - Determining Problem, Impact, Ideal",Hannah Frey,USD,100000.0,"HF- 10/8 Onsite meeting with LinkSquares team to cover tech stack review, and business process review!",<NA>,<NA>,<NA>,0,,,,,,,Comment Only (25k-100k),None,,USD,100000.0
006ed00000KwmrxAAB,TimeTrade Systems (Engageware) - Digital Engagement (+25),2025-11-30,2025-09-16,TimeTrade Systems (Engageware),Casey Garfinkel,03 - Validating Benefits & Value,Casey Garfinkel,USD,14400.0,10/3 CG: Products: Digital Engagement: $16.8k | Status: Demo | Next steps: Demo with DMs 10/3 for Sales Engage + AF for Sales; This is next phase | Risk: Timeline; Budget; Looking at competitors,"09.29 SA - First demo 09.05 that went well. Final demo set for 10.03 Risk: Competition (Revenue.io, Gong)",<NA>,UP -,0,2025-09-29,,,,,,Radar (10k-25k),None,,USD,14400.0
006ed00000IpBn3AAF,Stablepoint Partners - Sales Cloud EE (+9) 9,2026-01-31,2025-08-14,Stablepoint Partners,Casey Garfinkel,"02 - Determining Problem, Impact, Ideal",Casey Garfinkel,USD,25200.0,9/11 CG: Products: Slack Biz+ : 1.6k | Status: Education/disco | Next steps: Education session 9/11 for Slack + Fin Serv Cloud | Risk: Timeline; Budget; Reluctance to change,<NA>,<NA>,<NA>,0,,,,,,,Comment Only (25k-100k),None,,USD,25200.0
006ed00000LJeGzAAL,TimeTrade Systems (Engageware) - Sales Engagement (+65) + Agentforce for Sales (+65),2025-10-31,2025-09-22,TimeTrade Systems (Engageware),Casey Garfinkel,04 - Confirming Value With Power,Casey Garfinkel,USD,82095.0,10/3 CG: Products: Sales Engagement + Agentforce for Sales: $82k | Status: Demo | Next steps: Demo with DMs 10/3 | Risk: Timeline; Budget; Looking at competitors,"09.29 SA - First demo 09.05 that went well. Final demo set for 10.03 Risk: Competition (Revenue.io, Gong)",<NA>,UP -,0,2025-09-29,,,,,,Comment Only (25k-100k),None,,USD,82095.0
006ed00000LrFfxAAF,"LinkSquares, Inc. - APIS + Back up",2025-12-31,2025-09-30,"LinkSquares, Inc.",Hannah Frey,"02 - Determining Problem, Impact, Ideal",Hannah Frey,USD,42000.0,"HF- Onsite 10/8 with extended team. Product: Back up + Restore, APIS.",<NA>,<NA>,<NA>,0,,,,,,,Comment Only (25k-100k),None,,USD,42000.0
006ed00000J76TyAAJ,"Plixer, LLC - Quick Add-on - May 21, 2025",2025-11-30,2025-08-19,"Plixer, LLC",Sergio Cultrera,"02 - Determining Problem, Impact, Ideal",Sergio Cultrera,USD,2808.0,10/15/25 Spoke to Mariel they had some downsize in personelle. On hold for immediate time frame. Check back in end Sep/Oct Risk: Timing/ Budget Product: SC EE Rating8/10,<NA>,<NA>,UP -,0,,,,,,,0-10k,None,,USD,2808.0
006ed00000G4QAnAAN,Stablepoint Partners - SLK (+9),2025-11-30,2025-07-01,Stablepoint Partners,Casey Garfinkel,03 - Validating Benefits & Value,Casey Garfinkel,USD,1620.0,10/1 CG: Products: Slack Biz+ : 1.6k | Status: Education/disco | Next steps: Rescheduling Education session early Nov. Slack + Fin Serv Cloud | Risk: Timeline; Budget; Reluctance to change,09.15 SA - Setting up education meeting on Slack and FIn cloud. Risk: Timeline & Budget,UP-,UP -,1,2025-09-15,,,,,100.0,0-10k,None,,USD,1620.0
