Opportunity.Id,Opportunity.Name,Opportunity.CloseDate,Opportunity.CreatedDate,Opportunity.Account.Name,Opportunity.Account.Owner.Name__lookup,Opportunity.StageName,Opportunity.Owner.Name,Opportunity.Amount.CONVERT,Opportunity.Next_Steps__c,Opportunity.SE_Comments__c,Opportunity.Solutions_Judgement__c,Opportunity.Manager_Forecast_Judgement__c,Opportunity.SE_Attached__c,Opportunity.SE_Comment_Update_Date__c,Scorecard__c.Indicator__c,Scorecard__c.Name,Scorecard__c.As_Of_Date__c,Scorecard__c.Owner.Name,Opportunity.Total_Deal_Contribution__c,BucketField_61748239,Opportunity.sfbase__ACV__c,Opportunity.Amount
006ed00000HkPMcAAN,006ed00000HkPMcAAN,2026-01-31,2025-07-29,00130000006A04oAAC,0053y00000GtJq2AAF,"02 - Determining Problem, Impact, Ideal",0053y00000GtJq2AAF,"OrderedDict([('amount', 120000), ('currency', 'USD')])","AR 9/15: Meet with Vake (VP of IT), Raffi and legal team to discuss transition from CPQ to RCA this fiscal",,,,False,,,,,,,Scorecard (+100k),,"OrderedDict([('amount', 120000), ('currency', 'USD')])"
006ed00000JjQY5AAN,006ed00000JjQY5AAN,2026-06-30,2025-08-28,0013y00001cZpKrAAK,0053y00000FhAetAAF,"02 - Determining Problem, Impact, Ideal",0053y00000FhAetAAF,"OrderedDict([('amount', 16800), ('currency', 'USD')])",9/1 VC - forecasted growth plans for Ligris,,,,False,,,,,,,Radar (10k-25k),,"OrderedDict([('amount', 16800), ('currency', 'USD')])"
006ed00000GRp21AAD,006ed00000GRp21AAD,2025-11-30,2025-07-08,0013y00001dWIUaAAO,005ed000000Q5fBAAS,"02 - Determining Problem, Impact, Ideal",005ed000000Q5fBAAS,"OrderedDict([('amount', 12300), ('currency', 'USD')])",10/15/25Follow up with Manu Bizz Operations Manager about potential Service Cloud service add. Product: Service Cloud   Risk: Budget/Need.   Rating: 2/10,,,,False,,,,,,,Radar (10k-25k),,"OrderedDict([('amount', 12300), ('currency', 'USD')])"
006ed00000KSI05AAH,006ed00000KSI05AAH,2025-09-08,2025-09-08,0013000000Zk72yAAB,0053y00000GPqQpAAL,08 - Closed,0053y00000GPqQpAAL,"OrderedDict([('amount', 1800), ('currency', 'USD')])","9/8 JM: Products: Community : $1k-5k | Status: Sending Quote | Next steps: C&C sending over legal view and then Docusign  | Risk: Timeline, Budget | Rating: 6 |",,,,False,,,,,,,0-10k,"OrderedDict([('amount', 1800), ('currency', 'USD')])","OrderedDict([('amount', 1800), ('currency', 'USD')])"
006ed00000EQ4PhAAL,006ed00000EQ4PhAAL,2025-10-31,2025-06-04,0013y00001cFp9bAAC,0053y00000GtJq2AAF,"02 - Determining Problem, Impact, Ideal",0053y00000GtJq2AAF,"OrderedDict([('amount', 30000), ('currency', 'USD')])","AR 9/15: Next call with Tim, Sophia mid Oct to continue Agentforce, SDR Agent use case and AI initiatives for the business","09.15 SA - Disco/Demo of SDR Agent complete, positive feedback. AE working to schedule next steps/call. Risks = Price, Status Quo",UP-,UP -,True,2025-09-15,,,,,150,Comment Only (25k-100k),,"OrderedDict([('amount', 30000), ('currency', 'USD')])"
006ed00000DGpdNAAT,006ed00000DGpdNAAT,2025-12-31,2025-05-13,0010M00001QafXzQAJ,0053y00000GNaHEAA1,"02 - Determining Problem, Impact, Ideal",0053y00000GNaHEAA1,"OrderedDict([('amount', 20000), ('currency', 'USD')])",HF 9/17- Aspirational New logo-  Outbound efforts into Nift to move to a Slack contract. Product: Slack Ai Range: 5-10 K,,,UP -,False,,,,,,,Radar (10k-25k),,"OrderedDict([('amount', 20000), ('currency', 'USD')])"
006ed00000HRhqHAAT,006ed00000HRhqHAAT,2025-10-31,2025-07-24,0010M00001QaX0WQAV,0053y00000GPqQpAAL,"02 - Determining Problem, Impact, Ideal",0053y00000GPqQpAAL,"OrderedDict([('amount', 13260), ('currency', 'USD')])","9/15 JM: Products: Slack Ai : $10k-15k | Status: Usage Review | Next steps: Licenses vs active is low; setting discovery | Risk: Timeline, Budget | Rating: 5 |",09.16 SA - SE not involved yet,,UP -,True,2025-09-16,,,,,100,Radar (10k-25k),,"OrderedDict([('amount', 13260), ('currency', 'USD')])"
006ed00000J6kmoAAB,006ed00000J6kmoAAB,2025-10-31,2025-08-19,0013y00001dWIUaAAO,005ed000000Q5fBAAS,04 - Confirming Value With Power,005ed000000Q5fBAAS,"OrderedDict([('amount', 7920), ('currency', 'USD')])",10/6/25 SC: Spoke to Manu they are in process of sending out offer sheets to new hires. Working to get final count on licenses Product: Sales Cloud Risk: Budget  Rating: 6/10,,,UP -,False,,,,,,,0-10k,,"OrderedDict([('amount', 7920), ('currency', 'USD')])"
006ed00000J6lMIAAZ,006ed00000J6lMIAAZ,2025-12-31,2025-08-19,0013y00001dNkbhAAC,005ed000000Q5fBAAS,"02 - Determining Problem, Impact, Ideal",005ed000000Q5fBAAS,"OrderedDict([('amount', 21000), ('currency', 'USD')])",10/21/25 SC: Dr Daniel is CEO. Startup company looking for funding currently. May be interested in Salesforce CRM and Service Cloud to start. Potential for Slack as well. Product: Service Cloud Risk: Budget Rating:2/10,,,,False,,,,,,,Radar (10k-25k),,"OrderedDict([('amount', 21000), ('currency', 'USD')])"
006ed00000GQ9MbAAL,006ed00000GQ9MbAAL,2026-03-31,2025-07-08,001ed00000ZcSvDAAV,0053y00000FhAetAAF,"02 - Determining Problem, Impact, Ideal",0053y00000FhAetAAF,"OrderedDict([('amount', 8100), ('currency', 'USD')])",8/11 VC - interested in 15 licenses of Ent+,,,,False,,,,,,,0-10k,"OrderedDict([('amount', 8100), ('currency', 'USD')])","OrderedDict([('amount', 8100), ('currency', 'USD')])"
006ed00000KDmw9AAD,006ed00000KDmw9AAD,2026-01-31,2025-09-04,0013y00001dWzezAAC,005ed000000Q5fBAAS,"02 - Determining Problem, Impact, Ideal",005ed000000Q5fBAAS,"OrderedDict([('amount', 87000), ('currency', 'USD')])","10/1/25 SC: Target for MC for Automation , Engagement.Track what emails, social posts, or campaigns are actually lighting up the right people. Product: MC Intelligent Risk:Budget/Funding  Rating: 1/10",,,,False,,,,,,,Comment Only (25k-100k),,"OrderedDict([('amount', 87000), ('currency', 'USD')])"
006ed000008MFWrAAO,006ed000008MFWrAAO,2027-01-29,2025-01-31,0013y00001cUQ3bAAG,0053y00000FhAetAAF,03 - Validating Benefits & Value,0053y00000FhAetAAF,"OrderedDict([('amount', 803.52), ('currency', 'USD')])",,,,,False,,,,,,,0-10k,,"OrderedDict([('amount', 803.52), ('currency', 'USD')])"
006ed00000HkqeXAAR,006ed00000HkqeXAAR,2025-11-30,2025-07-29,0010M00001QjxjQQAR,0053y00000GtJq2AAF,03 - Validating Benefits & Value,0053y00000GtJq2AAF,"OrderedDict([('amount', 60000), ('currency', 'USD')])",AR 9/22: Meet with Graham (COO) & Erik (CRO) next month to discuss Wakefield acquisition and licenses needs,7/31 CD - Purchased FSL in H1. Recently acquired company - license add potential.,UP-,UP -,False,2025-07-31,,,,,,Comment Only (25k-100k),,"OrderedDict([('amount', 60000), ('currency', 'USD')])"
006ed00000KbTNhAAN,006ed00000KbTNhAAN,2026-01-31,2025-09-10,00130000000lD35AAE,0053y00000FhAetAAF,"02 - Determining Problem, Impact, Ideal",0053y00000FhAetAAF,"OrderedDict([('amount', 63000), ('currency', 'USD')])","9/10 VC - Brandie interested in getting 5x5 team off of HubSpot and on to SF, working on timeline as HubSpot renewal approaches in April '26",,,,False,,,,,,,Comment Only (25k-100k),,"OrderedDict([('amount', 63000), ('currency', 'USD')])"
006ed00000GdBAUAA3,006ed00000GdBAUAA3,2025-11-30,2025-07-11,0013y00001dWIUaAAO,005ed000000Q5fBAAS,"02 - Determining Problem, Impact, Ideal",005ed000000Q5fBAAS,"OrderedDict([('amount', 1044), ('currency', 'USD')])",10/15/25 SC: Follow up with Manu on Slack Pro opportunity I presented new price and packaging on for Slack Pro tier.Product: Slack Pro Annual.  Risk: Budget/Need   Rating: 3/10,,,,False,,,,,,,0-10k,,"OrderedDict([('amount', 1044), ('currency', 'USD')])"
006ed00000L1ai5AAB,006ed00000L1ai5AAB,2025-12-31,2025-09-17,0013000000LCouhAAD,005ed000000Q5fBAAS,"02 - Determining Problem, Impact, Ideal",005ed000000Q5fBAAS,"OrderedDict([('amount', 25200), ('currency', 'USD')])",11/1/25 SC : New logo re-engaging with customer on Sales Cloud. Scheduling further discovery call with Alan and team. Product: Sales Cloud EE Risk: Comp/Budget Rating1/10,,,,False,,,,,,,Comment Only (25k-100k),,"OrderedDict([('amount', 25200), ('currency', 'USD')])"
006ed00000JjRXNAA3,006ed00000JjRXNAA3,2026-03-31,2025-08-28,0013y00001cZpKrAAK,0053y00000FhAetAAF,"02 - Determining Problem, Impact, Ideal",0053y00000FhAetAAF,"OrderedDict([('amount', 6000), ('currency', 'USD')])","9/1 VC - interested in backing up org, sending info on OWN backup",,,,False,,,,,,,0-10k,,"OrderedDict([('amount', 6000), ('currency', 'USD')])"
006ed00000IMulyAAD,006ed00000IMulyAAD,2025-08-25,2025-08-07,0013000001GWsvoAAD,0053y00000FhAetAAF,08 - Closed,0053y00000FhAetAAF,"OrderedDict([('amount', 7500), ('currency', 'USD')])","8/25 VC - Scott let me know they would like to move forward with 2.5GB of Data Storage, Docusign published to CLO Kiran Judge",,,IN,False,,,,,,,0-10k,"OrderedDict([('amount', 7500), ('currency', 'USD')])","OrderedDict([('amount', 7500), ('currency', 'USD')])"
006ed00000G8RbJAAV,006ed00000G8RbJAAV,2025-11-30,2025-07-02,001ed00000XmqxPAAR,005ed000000T5HFAA0,"02 - Determining Problem, Impact, Ideal",005ed000000T5HFAA0,"OrderedDict([('amount', 72000), ('currency', 'USD')])","9/1 NS: Schedule discovery call<br>They finally got back to me on 8/20 saying they're still interested in evaluating a CRM but other projects have taken priority currently. Working to establish a more concrete timeline.","7/31 CD - Early convos, AE working to setup initial disco.",UP-,,False,2025-07-31,,,,,,Comment Only (25k-100k),,"OrderedDict([('amount', 72000), ('currency', 'USD')])"
006ed00000EkcbhAAB,006ed00000EkcbhAAB,2025-10-31,2025-06-10,0010M00001SX8zcQAD,005ed000000Q5fBAAS,"02 - Determining Problem, Impact, Ideal",005ed000000Q5fBAAS,"OrderedDict([('amount', 21000), ('currency', 'USD')])",10/6/25 SC - Working with Whitney to Reengage with Ryan and product manager team as well to reschedule discovery call around Slack. Rating 5/10. Product Slack. Risk - budget,09.16 SA - SE not involved yet,,UP -,False,2025-09-16,,,,,,Radar (10k-25k),,"OrderedDict([('amount', 21000), ('currency', 'USD')])"
006ed00000KreLaAAJ,006ed00000KreLaAAJ,2026-01-30,2025-09-15,0013000000hLbEjAAK,0053y00000GNaHEAA1,"02 - Determining Problem, Impact, Ideal",0053y00000GNaHEAA1,"OrderedDict([('amount', 45000), ('currency', 'USD')])",HF 10/1 Launching agentforce for service- work with Alex to put together a case for Agentforce for sales. Biweekly Agentforce syncs,,,,False,,,,,,,Comment Only (25k-100k),,"OrderedDict([('amount', 45000), ('currency', 'USD')])"
006ed00000Hw2PRAAZ,006ed00000Hw2PRAAZ,2026-05-31,2025-07-31,0010M00001V4ASUQA3,0053y00000FhAetAAF,"02 - Determining Problem, Impact, Ideal",0053y00000FhAetAAF,"OrderedDict([('amount', 38000), ('currency', 'USD')])",8/1 VC - Brandie interested in Agentforce roadmap,,,,False,,,,,,,Comment Only (25k-100k),,"OrderedDict([('amount', 38000), ('currency', 'USD')])"
006ed00000KCZpiAAH,006ed00000KCZpiAAH,2025-10-31,2025-09-04,0010M00001QaX0WQAV,0053y00000GPqQpAAL,"02 - Determining Problem, Impact, Ideal",0053y00000GPqQpAAL,"OrderedDict([('amount', 42000), ('currency', 'USD')])","9/15 JM: Products: Spiff : $30k-60k | Status: Reverse Demo | Next steps: Reverse Demo of comp plans set for 9/17| Risk: Timeline, Budget | Rating: 5 |",09.15 SA -  Spiff Discovery mtg 09.12 Spiff demo set for 09.22  Risk: Timing,UP-,UP -,True,2025-09-15,,,,,100,Comment Only (25k-100k),,"OrderedDict([('amount', 42000), ('currency', 'USD')])"
006ed00000ElwWjAAJ,006ed00000ElwWjAAJ,2026-01-31,2025-06-10,0013000001GWsvoAAD,0053y00000FhAetAAF,"02 - Determining Problem, Impact, Ideal",0053y00000FhAetAAF,"OrderedDict([('amount', 16400), ('currency', 'USD')])",8/1 VC - Agentforce + Data cloud target,,,,True,,,,,,150,Radar (10k-25k),,"OrderedDict([('amount', 16400), ('currency', 'USD')])"
006ed000003oH91AAE,006ed000003oH91AAE,2025-10-20,2024-10-22,0013000001Mrov2AAB,0053y00000GPqQpAAL,05 - Negotiating $$ & Mutual Plan,0053y00000GPqQpAAL,"OrderedDict([('amount', 1758.792), ('currency', 'USD')])",,,,,False,,,,,,,0-10k,,"OrderedDict([('amount', 1758.792), ('currency', 'USD')])"
006ed00000JjcRBAAZ,006ed00000JjcRBAAZ,2026-05-31,2025-08-28,0013000001NXGNFAA5,0053y00000FhAetAAF,"02 - Determining Problem, Impact, Ideal",0053y00000FhAetAAF,"OrderedDict([('amount', 68400), ('currency', 'USD')])","9/1 VC - forecasted growth of Sales team in 2026, check-in w/ Chris on timeline",,,,False,,,,,,,Comment Only (25k-100k),,"OrderedDict([('amount', 68400), ('currency', 'USD')])"
006ed00000JZeCXAA1,006ed00000JZeCXAA1,2026-01-31,2025-08-26,0010M00001YtxCWQAZ,005ed000000Q5fBAAS,"02 - Determining Problem, Impact, Ideal",005ed000000Q5fBAAS,"OrderedDict([('amount', 33120), ('currency', 'USD')])",9/15/25 SC:  Field Service   Shared Field Service Demo to review for his deployment team. Small team setting up call for further discovery. Product: Field Service Risk: Current system/budget. Rating 2/10,,,,False,,,,,,,Comment Only (25k-100k),,"OrderedDict([('amount', 33120), ('currency', 'USD')])"
006ed00000E5Al3AAF,006ed00000E5Al3AAF,2026-01-31,2025-05-29,00130000006A04oAAC,0053y00000GtJq2AAF,05 - Negotiating $$ & Mutual Plan,0053y00000GtJq2AAF,"OrderedDict([('amount', 41235), ('currency', 'USD')])",AR 9/15: Getting feedback on demo from Vake & Slack power users this week to set up final pricing call,"7/28 CD - AE working on business case and deal mechanics. Risk = Price, Timing",UP-,UP -,True,2025-07-28,,,,,200,Comment Only (25k-100k),"OrderedDict([('amount', 41235), ('currency', 'USD')])","OrderedDict([('amount', 41235), ('currency', 'USD')])"
006ed000006HAZ2AAO,006ed000006HAZ2AAO,2025-12-11,2024-12-13,0010M00001V4ASUQA3,0053y00000FhAetAAF,03 - Validating Benefits & Value,0053y00000FhAetAAF,"OrderedDict([('amount', 787.65), ('currency', 'USD')])",9/1 VC - confirming renewal with Intentsify.io team,,,,False,,,,,,,0-10k,,"OrderedDict([('amount', 787.65), ('currency', 'USD')])"
006ed00000Hws9VAAR,006ed00000Hws9VAAR,2026-02-28,2025-07-31,0013y00001cgbl0AAA,005ed000000Rd5JAAS,"02 - Determining Problem, Impact, Ideal",005ed000000Rd5JAAS,"OrderedDict([('amount', 36000), ('currency', 'USD')])",8/22 JW: sending leadership agenda for product deep dive. Product: Slack. Rating: 4/10,,,,False,,,,,,,Comment Only (25k-100k),,"OrderedDict([('amount', 36000), ('currency', 'USD')])"
006ed00000FCx3kAAD,006ed00000FCx3kAAD,2025-11-30,2025-06-17,0013y00001cffnlAAA,005ed000000Q5fBAAS,"02 - Determining Problem, Impact, Ideal",005ed000000Q5fBAAS,"OrderedDict([('amount', 6600), ('currency', 'USD')])",10/15/25 SC: Schedule Intro/Discovery call with Kyler around Agentforce. Product: Agentforce Risk: budget Rating; 1/10,,,,False,,,,,,,0-10k,,"OrderedDict([('amount', 6600), ('currency', 'USD')])"
006ed00000KYH2vAAH,006ed00000KYH2vAAH,2025-10-31,2025-09-09,0013000000hLxBwAAK,0053y00000FhAetAAF,"02 - Determining Problem, Impact, Ideal",0053y00000FhAetAAF,"OrderedDict([('amount', 12000), ('currency', 'USD')])","9/15 VC - discovery call scheduled for 9/23 at 3pm EST, interested in learning more about Marketing Cloud, saw a demo video and thinks it could add value to their current processes today, looped in Digital Team for call",09.15 SA - SE not involved,,,False,2025-09-15,,,,,,Radar (10k-25k),,"OrderedDict([('amount', 12000), ('currency', 'USD')])"
0063y00001BOfadAAD,0063y00001BOfadAAD,2026-05-28,2024-07-18,00130000007UBASAA4,005ed000000Q5fBAAS,03 - Validating Benefits & Value,005ed000000Q5fBAAS,"OrderedDict([('amount', 2659.5), ('currency', 'USD')])",,,,,False,,,,,,,0-10k,,"OrderedDict([('amount', 2659.5), ('currency', 'USD')])"
006ed00000I1Oz5AAF,006ed00000I1Oz5AAF,2025-09-05,2025-08-01,001ed00000YzFzSAAV,0053y00000FhAetAAF,08 - Closed,0053y00000FhAetAAF,"OrderedDict([('amount', 12720), ('currency', 'USD')])","9/1 VC - following up w/ Molly, discounts offered in August have been pulled, waiting for updated project timeline, working w/ Kelsey at Abstrakt (partner)",08.12 SA - Specialist Led,,IN,True,2025-08-12,,,,,100,Radar (10k-25k),"OrderedDict([('amount', 12720), ('currency', 'USD')])","OrderedDict([('amount', 12720), ('currency', 'USD')])"
006ed00000DKYinAAH,006ed00000DKYinAAH,2025-12-31,2025-05-14,0013y00001d0JAKAA2,0053y00000FhAetAAF,05 - Negotiating $$ & Mutual Plan,0053y00000FhAetAAF,"OrderedDict([('amount', 4584), ('currency', 'USD')])","9/1 VC - Jan let us know priorities shifted and putting SLK upgrade on back burner, continue to follow up on status of other projects",5.22 CD - SE not yet involved,,UP -,False,2025-05-22,,,,,,0-10k,"OrderedDict([('amount', 29154), ('currency', 'USD')])","OrderedDict([('amount', 4584), ('currency', 'USD')])"
006ed00000JjqvZAAR,006ed00000JjqvZAAR,2025-12-31,2025-08-28,001ed00000XmqxPAAR,005ed000000T5HFAA0,"02 - Determining Problem, Impact, Ideal",005ed000000T5HFAA0,"OrderedDict([('amount', 30000), ('currency', 'USD')])",9/25 Working to re-engage and understand timeline for when this project will be prioritized,,,,False,,,,,,,Comment Only (25k-100k),,"OrderedDict([('amount', 30000), ('currency', 'USD')])"
006ed00000KwrRqAAJ,006ed00000KwrRqAAJ,2025-09-30,2025-09-16,00130000016jRIBAA2,005ed000000Rd5JAAS,"02 - Determining Problem, Impact, Ideal",005ed000000Rd5JAAS,"OrderedDict([('amount', 996), ('currency', 'USD')])",9/17 CG: Products: File Storage (10GB) - $900 | Next steps: CG sent notice of overage - Follow up with Jesse |,,,,False,,,,,,,0-10k,,"OrderedDict([('amount', 996), ('currency', 'USD')])"
006ed00000FLbK5AAL,006ed00000FLbK5AAL,2026-01-31,2025-06-19,0010M00001SHcODQA1,005ed000000Rd5JAAS,"02 - Determining Problem, Impact, Ideal",005ed000000Rd5JAAS,"OrderedDict([('amount', 10800), ('currency', 'USD')])",8/1 - CG - Disco/Mapping with Jared,5.22 CD - SE not yet involved.,,UP -,False,2025-06-25,,,,,,Radar (10k-25k),,"OrderedDict([('amount', 10800), ('currency', 'USD')])"
006ed00000JjsCbAAJ,006ed00000JjsCbAAJ,2025-10-31,2025-08-28,0013000000EzEWcAAN,005ed000000T5HFAA0,"02 - Determining Problem, Impact, Ideal",005ed000000T5HFAA0,"OrderedDict([('amount', 6000), ('currency', 'USD')])",9/8 Schedule call with John to discuss how to mitigate accidental data deletion,09.15 SA - SE not involved yet,,UP -,False,2025-09-15,,,,,,0-10k,,"OrderedDict([('amount', 6000), ('currency', 'USD')])"
006ed00000JUeBaAAL,006ed00000JUeBaAAL,2026-01-30,2025-08-25,0010M00001WkN3kQAF,0053y00000GNaHEAA1,"02 - Determining Problem, Impact, Ideal",0053y00000GNaHEAA1,"OrderedDict([('amount', 36000), ('currency', 'USD')])",HF- 9/15 Working to plan an AI overview with Jason + position early slack renewal,,,,False,,,,,,,Comment Only (25k-100k),,"OrderedDict([('amount', 36000), ('currency', 'USD')])"
006ed000008R3BnAAK,006ed000008R3BnAAK,2026-01-30,2025-02-01,0013000000HIbo1AAD,005ed000000T5HFAA0,03 - Validating Benefits & Value,005ed000000T5HFAA0,"OrderedDict([('amount', 1529.38071), ('currency', 'USD')])",,,,,False,,,,,,,0-10k,,"OrderedDict([('amount', 1529.38071), ('currency', 'USD')])"
006ed00000HGh41AAD,006ed00000HGh41AAD,2025-12-31,2025-07-22,0013000000NPUmzAAH,005ed000000Q5fBAAS,"02 - Determining Problem, Impact, Ideal",005ed000000Q5fBAAS,"OrderedDict([('amount', 8604), ('currency', 'USD')])",11/1/25 SC: Follow up with Louis on Agentforce and Data Cloud opportunity. Pricing out competitors. Product: Agentforce. Rating: 4/10.  Risk: Competition,,,,False,,,,,,,0-10k,,"OrderedDict([('amount', 8604), ('currency', 'USD')])"
006ed00000KXUewAAH,006ed00000KXUewAAH,2025-10-10,2025-09-09,0013y00001caVEOAA2,0053y00000GtJq2AAF,04 - Confirming Value With Power,005ed000000Df29AAC,"OrderedDict([('amount', 30000), ('currency', 'USD')])",09/16: IDP Demo; automate invoice-to-PO reconciliation; talking to VP procurement & Director of backbone software Risk: budget,,,UP -,False,,,,,,,Comment Only (25k-100k),,"OrderedDict([('amount', 30000), ('currency', 'USD')])"
006ed00000GdPIHAA3,006ed00000GdPIHAA3,2025-11-30,2025-07-11,0013y00001dWIUaAAO,005ed000000Q5fBAAS,"02 - Determining Problem, Impact, Ideal",005ed000000Q5fBAAS,"OrderedDict([('amount', 4800), ('currency', 'USD')])",10/15/25 SC: Follow up with Manu in Biz Ops on Tableau opportunity. Working with James Mathewson. Product: Tableau. Risk: Budget.  Rating: 2/10,,,,False,,,,,,,0-10k,,"OrderedDict([('amount', 4800), ('currency', 'USD')])"
006ed0000033WtFAAU,006ed0000033WtFAAU,2025-09-13,2024-10-05,0013000000hLhXmAAK,0053y00000FhAetAAF,08 - Closed,0053y00000FhAetAAF,"OrderedDict([('amount', 6.12), ('currency', 'USD')])",9/9 VC - confirming renewal with HS Brands International team,,,IN,False,,,,,,,0-10k,,"OrderedDict([('amount', 6.12), ('currency', 'USD')])"
006ed00000GRJzpAAH,006ed00000GRJzpAAH,2026-01-31,2025-07-08,0010M00001V4ASUQA3,0053y00000FhAetAAF,"02 - Determining Problem, Impact, Ideal",0053y00000FhAetAAF,"OrderedDict([('amount', 43750), ('currency', 'USD')])",7/8 AF: Schedule follow up with Brendan Flynn (RevOps Manager) as a follow up from Boston World Tour Breakfast to discuss RCA more in-depth.,,,,False,,,,,,,Comment Only (25k-100k),,"OrderedDict([('amount', 43750), ('currency', 'USD')])"
006ed00000KRBzyAAH,006ed00000KRBzyAAH,2025-09-08,2025-09-08,001ed00000NjaepAAB,0053y00000GtJq2AAF,08 - Closed,0053y00000GtJq2AAF,"OrderedDict([('amount', 79.8), ('currency', 'USD')])",,,,,False,,,,,,,0-10k,,"OrderedDict([('amount', 79.8), ('currency', 'USD')])"
006ed00000Jexw5AAB,006ed00000Jexw5AAB,2025-12-31,2025-08-27,0013000000LW3xIAAT,0053y00000GtJq2AAF,"02 - Determining Problem, Impact, Ideal",0053y00000GtJq2AAF,"OrderedDict([('amount', 60000), ('currency', 'USD')])",AR 9/15: Continue Agentforce conversation and AI plans with Sales leadership (Jules) and set up a demo of SDR and Pipeline Agent,,,,False,,,,,,,Comment Only (25k-100k),,"OrderedDict([('amount', 60000), ('currency', 'USD')])"
006ed00000269XKAAY,006ed00000269XKAAY,2025-09-11,2024-09-15,0013000000roxNIAAY,0053y00000GNaHEAA1,08 - Closed,0053y00000GNaHEAA1,"OrderedDict([('amount', 3130.49016), ('currency', 'USD')])",,,,IN,False,,,,,,,0-10k,,"OrderedDict([('amount', 3130.49016), ('currency', 'USD')])"
006ed000009Gv6pAAC,006ed000009Gv6pAAC,2026-01-31,2025-02-19,0013000001GWsvoAAD,0053y00000FhAetAAF,03 - Validating Benefits & Value,0053y00000FhAetAAF,"OrderedDict([('amount', 24839.996), ('currency', 'USD')])",8/1 VC - Jake and Scott want to pick Revenue Cloud conversation back up at end of the year,3.25 CD - Demo complete. Pricing + business value review complete. Risk = Timeline / no urgency,UP-,UP -,True,2025-03-25,,,,,200,Radar (10k-25k),"OrderedDict([('amount', 32399.995999999996), ('currency', 'USD')])","OrderedDict([('amount', 24839.996), ('currency', 'USD')])"
006ed00000K6k1RAAR,006ed00000K6k1RAAR,2026-01-31,2025-09-03,0013000000hL4wKAAS,005ed000000T5HFAA0,"02 - Determining Problem, Impact, Ideal",005ed000000T5HFAA0,"OrderedDict([('amount', 90000), ('currency', 'USD')])",9/8 AS Next step: schedule intro call with Daniel who has expressed interest in the past,,,,False,,,,,,,Comment Only (25k-100k),,"OrderedDict([('amount', 90000), ('currency', 'USD')])"
006ed00000K6XnPAAV,006ed00000K6XnPAAV,2025-11-30,2025-09-03,0013000001CBETnAAP,0053y00000GtJq2AAF,08 - Closed,0053y00000GtJq2AAF,"OrderedDict([('amount', 26769.6), ('currency', 'USD')])",,,,,False,,,,,,,Comment Only (25k-100k),"OrderedDict([('amount', 26769.6), ('currency', 'USD')])","OrderedDict([('amount', 26769.6), ('currency', 'USD')])"
006ed00000KCO36AAH,006ed00000KCO36AAH,2025-10-31,2025-09-04,001ed00000ShON8AAN,0053y00000GtJq2AAF,"02 - Determining Problem, Impact, Ideal",0053y00000GtJq2AAF,"OrderedDict([('amount', 21000), ('currency', 'USD')])",AR 9/15: Demo Sales Cloud set for this week with their brokerage team,09.15 SA - Sales Cloud Demo 09.16 with Brokerage team.,UP-,,True,2025-09-15,,,,,100,Radar (10k-25k),,"OrderedDict([('amount', 21000), ('currency', 'USD')])"
006ed00000GMtnpAAD,006ed00000GMtnpAAD,2026-01-31,2025-07-07,0013000001CAqlbAAD,005ed000000Rd5JAAS,"02 - Determining Problem, Impact, Ideal",005ed000000Rd5JAAS,"OrderedDict([('amount', 30000), ('currency', 'USD')])",,,,,False,,,,,,,Comment Only (25k-100k),,"OrderedDict([('amount', 30000), ('currency', 'USD')])"
0063y00001Ad91kAAB,0063y00001Ad91kAAB,2025-12-15,2024-05-04,00130000016jeB9AAI,0053y00000GtJq2AAF,03 - Validating Benefits & Value,0053y00000GtJq2AAF,"OrderedDict([('amount', 2385), ('currency', 'USD')])",,,,,False,,,,,,,0-10k,,"OrderedDict([('amount', 2385), ('currency', 'USD')])"
006ed00000JCeLJAA1,006ed00000JCeLJAA1,2025-12-31,2025-08-20,0013000001NXq2fAAD,0053y00000FhAetAAF,"02 - Determining Problem, Impact, Ideal",0053y00000FhAetAAF,"OrderedDict([('amount', 17460), ('currency', 'USD')])","9/1 VC - self serve pro to Biz+ invoice target, reaching out to Flexspring team to see who is in charge of Slack instance",,,UP -,False,,,,,,,Radar (10k-25k),,"OrderedDict([('amount', 17460), ('currency', 'USD')])"
006ed00000CINSHAA5,006ed00000CINSHAA5,2025-12-31,2025-04-23,0013000001MsuP0AAJ,005ed000000Q5fBAAS,"02 - Determining Problem, Impact, Ideal",005ed000000Q5fBAAS,"OrderedDict([('amount', 7210.08), ('currency', 'USD')])",10/30 SC:  Call with Zach Kohn Dir of Ops. Product: early renewal with data storage. Risk: budget. Rating: 6/10,,,,False,,,,,,,0-10k,"OrderedDict([('amount', 7210.0799999999945), ('currency', 'USD')])","OrderedDict([('amount', 7210.08), ('currency', 'USD')])"
006ed00000IFAUXAA5,006ed00000IFAUXAA5,2025-11-30,2025-08-05,00100000000k3PyAAI,0053y00000GNaHEAA1,"02 - Determining Problem, Impact, Ideal",0053y00000GNaHEAA1,"OrderedDict([('amount', 21000), ('currency', 'USD')])",9/10 HF: Ninety10 beginning migration from classic to lightning. Product: Service. Rating: 5/10. Risk: budget,,,UP -,False,,,,,,,Radar (10k-25k),,"OrderedDict([('amount', 21000), ('currency', 'USD')])"
006ed00000Jf7fKAAR,006ed00000Jf7fKAAR,2025-12-31,2025-08-27,0013000000RaKC2AAN,0053y00000FhAetAAF,"02 - Determining Problem, Impact, Ideal",0053y00000FhAetAAF,"OrderedDict([('amount', 10500), ('currency', 'USD')])","9/1 VC - forecasted growth plans, continue to check-in w/ Rachael",,,,False,,,,,,,Radar (10k-25k),,"OrderedDict([('amount', 10500), ('currency', 'USD')])"
006ed00000Kg73BAAR,006ed00000Kg73BAAR,2025-10-31,2025-09-11,001ed00000LsQG8AAN,005ed000000Rd5JAAS,"02 - Determining Problem, Impact, Ideal",005ed000000Rd5JAAS,"OrderedDict([('amount', 2175), ('currency', 'USD')])",9/16: CG: Products: Slack Pro: $4.3k  Status: Education/disco | Next steps: Send pricing for 25 users; Jennifer to share with team 9/16 and give dates for demo | Risk: Reluctance to change,09.16 SA - SE not involved yet,,,False,2025-09-16,,,,,,0-10k,"OrderedDict([('amount', 2175), ('currency', 'USD')])","OrderedDict([('amount', 2175), ('currency', 'USD')])"
006ed00000FxVlVAAV,006ed00000FxVlVAAV,2025-10-31,2025-06-30,0010M00001U9sXuQAJ,0053y00000GNaHEAA1,"02 - Determining Problem, Impact, Ideal",0053y00000GNaHEAA1,"OrderedDict([('amount', 40000), ('currency', 'USD')])",HF- 9/28 Onsite prep with Kathryn (VP of Rev Ops) 10/8 onsite with the extended LinkSquares team to do a business review - Product: Sandbox Range: 20-40 K,09.15 SA - Planning on-site business process review with extended team. Risk: Urgency,UP-,UP -,True,2025-09-15,,,,,150,Comment Only (25k-100k),,"OrderedDict([('amount', 40000), ('currency', 'USD')])"
006ed00000BaJc6AAF,006ed00000BaJc6AAF,2025-12-30,2025-04-08,0013000000FdaN3AAJ,0053y00000GNaHEAA1,"02 - Determining Problem, Impact, Ideal",0053y00000GNaHEAA1,"OrderedDict([('amount', 45000), ('currency', 'USD')])",HF 10/2- On hold till Quip implementation resolution.  New CTO- Anna to send over exec alignment note. - on Zendesk currently.- Product: Service + Customer Portal,08.04 SA - SE not involved yet,,,False,2025-08-05,,,,,,Comment Only (25k-100k),,"OrderedDict([('amount', 45000), ('currency', 'USD')])"
006ed00000DoXkTAAV,006ed00000DoXkTAAV,2025-11-30,2025-05-23,0013000000HIbo1AAD,005ed000000T5HFAA0,04 - Confirming Value With Power,005ed000000T5HFAA0,"OrderedDict([('amount', 43311.6), ('currency', 'USD')])",7/24 the business is not ready to upgrade now. Billy is putting this in his budget for closer to their slack renewal (12/1/25).,,,IN,False,,,,,,,Comment Only (25k-100k),,"OrderedDict([('amount', 43311.6), ('currency', 'USD')])"
006ed00000JjVj4AAF,006ed00000JjVj4AAF,2025-12-31,2025-08-28,0013000001GWsvoAAD,0053y00000FhAetAAF,"02 - Determining Problem, Impact, Ideal",0053y00000FhAetAAF,"OrderedDict([('amount', 39600), ('currency', 'USD')])","9/1 VC - Scott + Jake confirmed they will need additional licenses before EOY, continue to check-in on timeline for add",,,,False,,,,,,,Comment Only (25k-100k),,"OrderedDict([('amount', 39600), ('currency', 'USD')])"
006ed00000HwyejAAB,006ed00000HwyejAAB,2025-12-31,2025-07-31,0010M00001WkN3kQAF,0053y00000GNaHEAA1,"02 - Determining Problem, Impact, Ideal",0053y00000GNaHEAA1,"OrderedDict([('amount', 40000), ('currency', 'USD')])",HF 9/16 Team is putting this on hold- Intro SPM call scheduled with Jason (IT Lead) in October. Product Spiff. Range: 20-40K,08.12 SA - SE not involved yet,,UP -,False,2025-08-12,,,,,,Comment Only (25k-100k),,"OrderedDict([('amount', 40000), ('currency', 'USD')])"
006ed00000IMzTtAAL,006ed00000IMzTtAAL,2025-10-31,2025-08-07,0010M00001SHcODQA1,005ed000000Rd5JAAS,"02 - Determining Problem, Impact, Ideal",005ed000000Rd5JAAS,"OrderedDict([('amount', 17850), ('currency', 'USD')])","9/15 CG: Products: Sales Engagement : 17.8k | Status: Disco/education | Next steps: Schedule call with CFO, CRO, and VP of Sales  | Risk: Budget",08.11 SA - Had discovery call on 08.01 and have read back on 08.13 with Jared. Presenting add on solutions and working to get in front of decision maker. Risk: Need to get in front of decision maker,UP-,UP -,True,2025-08-11,,,,,100,Radar (10k-25k),,"OrderedDict([('amount', 17850), ('currency', 'USD')])"
006ed00000J7cLlAAJ,006ed00000J7cLlAAJ,2026-01-30,2025-08-19,0013000000RY1vCAAT,0053y00000GNaHEAA1,"02 - Determining Problem, Impact, Ideal",0053y00000GNaHEAA1,"OrderedDict([('amount', 45000), ('currency', 'USD')])",HF 9/20 Reached out to Richard for check in meeting. Meet with CFO for an account review and AI overview Product: UE Range 30-40 K Rating 4/10,,,,False,,,,,,,Comment Only (25k-100k),,"OrderedDict([('amount', 45000), ('currency', 'USD')])"
006ed00000GdWDJAA3,006ed00000GdWDJAA3,2025-10-31,2025-07-11,0013000001JbvjAAAR,005ed000000T5HFAA0,"02 - Determining Problem, Impact, Ideal",005ed000000T5HFAA0,"OrderedDict([('amount', 15000), ('currency', 'USD')])",9/8 AS working to schedule use case ideation session this week.,09.15 SA - Sent over information on Agentforce for Sales. Previously did Agentforce Education presentation. Meeting set up for 09.18 Risk: Urgency,UP-,UP -,True,2025-09-15,,,,,100,Radar (10k-25k),,"OrderedDict([('amount', 15000), ('currency', 'USD')])"
006ed00000JC3FJAA1,006ed00000JC3FJAA1,2026-01-30,2025-08-20,0013000000RY1vCAAT,0053y00000GNaHEAA1,"02 - Determining Problem, Impact, Ideal",0053y00000GNaHEAA1,"OrderedDict([('amount', 40000), ('currency', 'USD')])",HF- 9/17- Meeting with CFO to talk through differences in rev cloud and CPQ,,,,False,,,,,,,Comment Only (25k-100k),,"OrderedDict([('amount', 40000), ('currency', 'USD')])"
006ed00000JLqFBAA1,006ed00000JLqFBAA1,2026-01-30,2025-08-22,0013y00001cahZWAAY,0053y00000GNaHEAA1,"02 - Determining Problem, Impact, Ideal",0053y00000GNaHEAA1,"OrderedDict([('amount', 50000), ('currency', 'USD')])",HF 9/15 working to get Meeting scheduled with with Michelle to get intro into the customer side of the business Product: EE- Range: 20-50,,,,False,,,,,,,Comment Only (25k-100k),,"OrderedDict([('amount', 50000), ('currency', 'USD')])"
006ed00000I1dbFAAR,006ed00000I1dbFAAR,2025-09-05,2025-08-01,001ed00000YzFzSAAV,0053y00000FhAetAAF,08 - Closed,0053y00000FhAetAAF,"OrderedDict([('amount', 5868.84), ('currency', 'USD')])","9/1 VC - following up w/ Molly, discounts offered in August have been pulled, waiting for updated project timeline, working w/ Kelsey at Abstrakt (partner)",,,IN,False,,,,,,,0-10k,"OrderedDict([('amount', 5868.84), ('currency', 'USD')])","OrderedDict([('amount', 5868.84), ('currency', 'USD')])"
006ed00000KS8lVAAT,006ed00000KS8lVAAT,2025-10-31,2025-09-08,0013000000Zk72yAAB,0053y00000GPqQpAAL,"02 - Determining Problem, Impact, Ideal",0053y00000GPqQpAAL,"OrderedDict([('amount', 49000), ('currency', 'USD')])","9/15 JM: Products: Commerce Cloud : $30k-50k | Status: Discovery | Next steps: Setting Discovery/ demo with customer and Commerce team | Risk: Timeline, Budget | Rating: 6 |",09.16 SA - Waiting for discovery/demo to be set with Commerce team. Risk: Timeline,,,False,2025-09-16,,,,,,Comment Only (25k-100k),,"OrderedDict([('amount', 49000), ('currency', 'USD')])"
006ed00000KsGPFAA3,006ed00000KsGPFAA3,2025-09-15,2025-09-15,0013000001MrWeXAAV,0053y00000GtJq2AAF,08 - Closed,0053y00000GtJq2AAF,"OrderedDict([('amount', 10533.6), ('currency', 'USD')])",,09.15 SA - SE not involved yet,,,False,2025-09-15,,,,,,Radar (10k-25k),"OrderedDict([('amount', 10533.6), ('currency', 'USD')])","OrderedDict([('amount', 10533.6), ('currency', 'USD')])"
006ed00000G2seDAAR,006ed00000G2seDAAR,2025-12-31,2025-07-01,0010M00001QaX0WQAV,0053y00000GPqQpAAL,03 - Validating Benefits & Value,0053y00000GPqQpAAL,"OrderedDict([('amount', 116411), ('currency', 'USD')])","9/15 JM: Products: Shield : $75k-120k | Status: Intro Call | Next steps: Overall Foot Print review being set and Security Assessment.| Risk: Timeline, Budget | Rating: 5 |",,,,False,,,,,,,Scorecard (+100k),"OrderedDict([('amount', 174411), ('currency', 'USD')])","OrderedDict([('amount', 116411), ('currency', 'USD')])"
006ed00000EOsqRAAT,006ed00000EOsqRAAT,2026-01-31,2025-06-04,0013000000RaKC2AAN,0053y00000FhAetAAF,"02 - Determining Problem, Impact, Ideal",0053y00000FhAetAAF,"OrderedDict([('amount', 6000), ('currency', 'USD')])","7/14 VC - interested in backup, sending over resources + pricing",,,,False,,,,,,,0-10k,"OrderedDict([('amount', 6000), ('currency', 'USD')])","OrderedDict([('amount', 6000), ('currency', 'USD')])"
006ed00000L1dMbAAJ,006ed00000L1dMbAAJ,2025-11-28,2025-09-17,0010M00001SpyMoQAJ,0053y00000GtJq2AAF,"02 - Determining Problem, Impact, Ideal",0053y00000GtJq2AAF,"OrderedDict([('amount', 15494.54), ('currency', 'USD')])","AR 9/15: Legal view is with Karie for early renewal contract, she is discussing internally with COO John on the license count/uplift",,,,False,,,,,,,Radar (10k-25k),"OrderedDict([('amount', 15494.539999999994), ('currency', 'USD')])","OrderedDict([('amount', 15494.54), ('currency', 'USD')])"
006ed00000B8u57AAB,006ed00000B8u57AAB,2026-03-31,2025-03-31,0013y00001cSHAzAAO,0053y00000FhAetAAF,"02 - Determining Problem, Impact, Ideal",0053y00000FhAetAAF,"OrderedDict([('amount', 49500), ('currency', 'USD')])","5/8 VC - NL big bet target, recently came directly to invoice via SLK, leverage relationship with CTO Trey Willis to understand current systems in place today",,,UP -,False,,,,,,,Comment Only (25k-100k),,"OrderedDict([('amount', 49500), ('currency', 'USD')])"
006ed00000JUXA5AAP,006ed00000JUXA5AAP,2025-08-25,2025-08-25,0013000000NSDyQAAX,005ed000000T5HFAA0,08 - Closed,005ed000000loFtAAI,"OrderedDict([('amount', 300), ('currency', 'USD')])",,,,,False,,,,,,,0-10k,"OrderedDict([('amount', 300), ('currency', 'USD')])","OrderedDict([('amount', 300), ('currency', 'USD')])"
006ed0000034opMAAQ,006ed0000034opMAAQ,2025-10-08,2024-10-07,00130000016gWCtAAM,0053y00000GNaHEAA1,05 - Negotiating $$ & Mutual Plan,0053y00000GNaHEAA1,"OrderedDict([('amount', 128.9999999952), ('currency', 'USD')])",,,,UP -,False,,,,,,,0-10k,,"OrderedDict([('amount', 128.9999999952), ('currency', 'USD')])"
006ed00000F7hvfAAB,006ed00000F7hvfAAB,2026-01-30,2025-06-16,0010M00001W8QlTQAV,005ed000000Q5fBAAS,"02 - Determining Problem, Impact, Ideal",005ed000000Q5fBAAS,"OrderedDict([('amount', 5000), ('currency', 'USD')])",10/15/25 SC: Follow up with AJ Alonzo on potential Data Cloud deal to unify usage of integration tools.Product: Data Cloud. Risk: budget. Rating: 1/10,,,UP -,False,,,,,,,0-10k,,"OrderedDict([('amount', 5000), ('currency', 'USD')])"
006ed0000048vQWAAY,006ed0000048vQWAAY,2025-10-30,2024-10-29,0013000000NSDyQAAX,005ed000000T5HFAA0,03 - Validating Benefits & Value,005ed000000T5HFAA0,"OrderedDict([('amount', 558.80376), ('currency', 'USD')])",,09.15 SA - SE not involved yet,,UP -,False,2025-09-15,,,,,,0-10k,,"OrderedDict([('amount', 558.80376), ('currency', 'USD')])"
006ed00000JjTfdAAF,006ed00000JjTfdAAF,2026-03-31,2025-08-28,0013000000RZOPGAA5,0053y00000FhAetAAF,"02 - Determining Problem, Impact, Ideal",0053y00000FhAetAAF,"OrderedDict([('amount', 6000), ('currency', 'USD')])","9/1 VC -interested in backing up data in Ligris & Associates org, sending info over and gauging timeline",,,,False,,,,,,,0-10k,,"OrderedDict([('amount', 6000), ('currency', 'USD')])"
006ed00000K6XH7AAN,006ed00000K6XH7AAN,2025-11-30,2025-09-03,0013000000HIbo1AAD,005ed000000T5HFAA0,"02 - Determining Problem, Impact, Ideal",005ed000000T5HFAA0,"OrderedDict([('amount', 46800), ('currency', 'USD')])",9/8 Engage with Will to understand past evaluation of CPQ and introduce RCA,,,,False,,,,,,,Comment Only (25k-100k),,"OrderedDict([('amount', 46800), ('currency', 'USD')])"
006ed00000Hv0r7AAB,006ed00000Hv0r7AAB,2026-03-31,2025-07-31,0013000000hLhXmAAK,0053y00000FhAetAAF,"02 - Determining Problem, Impact, Ideal",0053y00000FhAetAAF,"OrderedDict([('amount', 11880), ('currency', 'USD')])","8/1 VC - forecasted growth plans, continue checking in on need for additonal licenses",,,,False,,,,,,,Radar (10k-25k),,"OrderedDict([('amount', 11880), ('currency', 'USD')])"
006ed00000ADJDZAA5,006ed00000ADJDZAA5,2026-01-30,2025-03-11,0013y00001esyzGAAQ,0053y00000GtJq2AAF,"02 - Determining Problem, Impact, Ideal",0053y00000GtJq2AAF,"OrderedDict([('amount', 60000), ('currency', 'USD')])","AR 9/15: Set up intro call with Florent & Tom, VP of Growth end of September to go over their move off of Pipedrive to SF",,,UP -,False,,,,,,,Comment Only (25k-100k),,"OrderedDict([('amount', 60000), ('currency', 'USD')])"
006ed00000326sUAAQ,006ed00000326sUAAQ,2025-09-18,2024-10-04,0013000001CBETnAAP,0053y00000GtJq2AAF,08 - Closed,0053y00000GtJq2AAF,"OrderedDict([('amount', 136.62936), ('currency', 'USD')])",,,,IN,False,,,,,,,0-10k,,"OrderedDict([('amount', 136.62936), ('currency', 'USD')])"
006ed00000AUlyDAAT,006ed00000AUlyDAAT,2026-01-30,2025-03-17,0013000000DVFPCAA5,0053y00000FhAetAAF,03 - Validating Benefits & Value,0053y00000FhAetAAF,"OrderedDict([('amount', 4500), ('currency', 'USD')])","9/15 VC - Inherited opp, revisiting Slack discussion during biweekly sync on 9/15","09.15 SA - They've seen a Slack demo, but current implementations are the priority. Risk: Priority & Budget",,UP -,True,2025-09-15,,,,,150,0-10k,,"OrderedDict([('amount', 4500), ('currency', 'USD')])"
006ed00000JZDYwAAP,006ed00000JZDYwAAP,2025-11-28,2025-08-26,0013000000IKYqmAAH,0053y00000GNaHEAA1,03 - Validating Benefits & Value,0053y00000GNaHEAA1,"OrderedDict([('amount', 22500), ('currency', 'USD')])",HF-9/11 Connect with CRO to intro to new admin (hiring now  Product: Spiff Range: 10-20 K,,,UP -,False,,,,,,,Radar (10k-25k),,"OrderedDict([('amount', 22500), ('currency', 'USD')])"
006ed00000IF06zAAD,006ed00000IF06zAAD,2026-01-31,2025-08-05,00100000000k3PyAAI,0053y00000GNaHEAA1,"02 - Determining Problem, Impact, Ideal",0053y00000GNaHEAA1,"OrderedDict([('amount', 5400), ('currency', 'USD')])",8/29 JW: ninety10 upgrading customer to lightning from classic. Product: Slack. Rating: 4/10. Risk: competitor,,,,False,,,,,,,0-10k,,"OrderedDict([('amount', 5400), ('currency', 'USD')])"
006ed00000HMKUXAA5,006ed00000HMKUXAA5,2025-10-31,2025-07-23,001ed00000bZR6WAAW,0053y00000FhAetAAF,"02 - Determining Problem, Impact, Ideal",0053y00000FhAetAAF,"OrderedDict([('amount', 4800), ('currency', 'USD')])","9/15 VC - interested in license for Nickerson Companies, working with Kelsey at Abstrakt to understand timeline",09.15 SA - SE not involved,,UP -,False,2025-09-15,,,,,,0-10k,,"OrderedDict([('amount', 4800), ('currency', 'USD')])"
006ed00000ClC5GAAV,006ed00000ClC5GAAV,2025-11-30,2025-05-02,00130000007UBASAA4,005ed000000Q5fBAAS,"02 - Determining Problem, Impact, Ideal",005ed000000Q5fBAAS,"OrderedDict([('amount', 18000), ('currency', 'USD')])",10/6/25 SC - Follow up with Sean OConnel CPTO. Working with Jason our Tableau specialist on this . Product: tab. Risk: budget. Rating: 3/10,,,UP -,False,,,,,,,Radar (10k-25k),,"OrderedDict([('amount', 18000), ('currency', 'USD')])"
006ed00000JDUgTAAX,006ed00000JDUgTAAX,2026-02-27,2025-08-20,0013000000LW3xIAAT,0053y00000GtJq2AAF,"02 - Determining Problem, Impact, Ideal",0053y00000GtJq2AAF,"OrderedDict([('amount', 40000), ('currency', 'USD')])","AR 9/15: Discuss license add plans with Bryan & Jules for the rest of year, growth plans",,,,False,,,,,,,Comment Only (25k-100k),,"OrderedDict([('amount', 40000), ('currency', 'USD')])"
006ed00000JjvTpAAJ,006ed00000JjvTpAAJ,2025-10-31,2025-08-28,0013000000EzEWcAAN,005ed000000T5HFAA0,"02 - Determining Problem, Impact, Ideal",005ed000000T5HFAA0,"OrderedDict([('amount', 6195), ('currency', 'USD')])",9/8 Connect with John to discuss license expansion needs,09.15 SA - SE not involved yet,,UP -,False,2025-09-15,,,,,,0-10k,,"OrderedDict([('amount', 6195), ('currency', 'USD')])"
006ed000008Q8f9AAC,006ed000008Q8f9AAC,2026-01-31,2025-02-02,0013y00001cFp9bAAC,0053y00000GtJq2AAF,03 - Validating Benefits & Value,0053y00000GtJq2AAF,"OrderedDict([('amount', 4924.2276), ('currency', 'USD')])",,,,,False,,,,,,,0-10k,,"OrderedDict([('amount', 4924.2276), ('currency', 'USD')])"
0063y00001A0F9yAAF,0063y00001A0F9yAAF,2025-10-31,2023-11-03,0010M00001Ytzm3QAB,0053y00000GNaHEAA1,03 - Validating Benefits & Value,0053y00000GNaHEAA1,"OrderedDict([('amount', 10512.18), ('currency', 'USD')])",,,,UP -,False,,,,,,,Radar (10k-25k),,"OrderedDict([('amount', 10512.18), ('currency', 'USD')])"
006ed00000KDeqXAAT,006ed00000KDeqXAAT,2025-09-04,2025-09-04,0013y00001Y0NUFAA3,0053y00000GtJq2AAF,08 - Closed,0053y00000GtJq2AAF,"OrderedDict([('amount', 2400), ('currency', 'USD')])",,,,,False,,,,,,,0-10k,,"OrderedDict([('amount', 2400), ('currency', 'USD')])"
006ed00000KPXRtAAP,006ed00000KPXRtAAP,2025-09-07,2025-09-07,00130000006A04oAAC,0053y00000GtJq2AAF,08 - Closed,0053y00000GtJq2AAF,"OrderedDict([('amount', 988.5098479981701), ('currency', 'USD')])",,,,,False,,,,,,,0-10k,,"OrderedDict([('amount', 903.24), ('currency', 'EUR')])"
006ed00000FPwjJAAT,006ed00000FPwjJAAT,2025-12-31,2025-06-20,0013000001NXq2fAAD,0053y00000FhAetAAF,"02 - Determining Problem, Impact, Ideal",0053y00000FhAetAAF,"OrderedDict([('amount', 10000), ('currency', 'USD')])","9/1 VC - Potential agentic use case with Flexspring, work with Bonnie (SF Admin) on future of their org",,,,False,,,,,,,Radar (10k-25k),,"OrderedDict([('amount', 10000), ('currency', 'USD')])"
006ed00000JCXdEAAX,006ed00000JCXdEAAX,2025-11-30,2025-08-20,0010M00001QkxDbQAJ,005ed000000T5HFAA0,"02 - Determining Problem, Impact, Ideal",005ed000000T5HFAA0,"OrderedDict([('amount', 33480), ('currency', 'USD')])",9/8 Working to schedule time to discuss security features.,,,UP -,False,,,,,,,Comment Only (25k-100k),,"OrderedDict([('amount', 33480), ('currency', 'USD')])"
006ed00000DP029AAD,006ed00000DP029AAD,2025-10-31,2025-05-15,0013000000NPpGGAA1,0053y00000GNaHEAA1,"02 - Determining Problem, Impact, Ideal",0053y00000GNaHEAA1,"OrderedDict([('amount', 25000), ('currency', 'USD')])","9/8 JW: current CRM contract ends in December, asked me to reach out in September. Product:Sales Cloud. Risk: competitors. Rating: 6/10",09.15 SA - SE not involved yet,,UP -,False,2025-09-15,,,,,,Comment Only (25k-100k),,"OrderedDict([('amount', 25000), ('currency', 'USD')])"
006ed00000J7CxaAAF,006ed00000J7CxaAAF,2025-11-30,2025-08-19,0010M00001SHcODQA1,005ed000000Rd5JAAS,"02 - Determining Problem, Impact, Ideal",005ed000000Rd5JAAS,"OrderedDict([('amount', 43200), ('currency', 'USD')])",8/19 CG: Products: AF : Price Range $30k-$50k | Status: Education/Disco| Next Steps: Aligning with renewal; Building out use cases with champion | Risk: Budget | Rating: 4/10,,,,False,,,,,,,Comment Only (25k-100k),"OrderedDict([('amount', 0), ('currency', 'USD')])","OrderedDict([('amount', 43200), ('currency', 'USD')])"
006ed00000ElLDsAAN,006ed00000ElLDsAAN,2026-03-31,2025-06-10,0010M00001U9sXuQAJ,0053y00000GNaHEAA1,"02 - Determining Problem, Impact, Ideal",0053y00000GNaHEAA1,"OrderedDict([('amount', 48000), ('currency', 'USD')])",HF 10/3 Onsite scheduled with Katherine (VP Rev Ops) Onsite in August Demo.Product: Rev Cloud- Range: 80-120 K,"7/11 CD - R&R of nue.io. Customer postponed demo to next week. Risks = Competition is biggest risk (DealHub), Price, Timeline.",UP-,UP -,True,2025-07-11,,,,,200,Comment Only (25k-100k),,"OrderedDict([('amount', 48000), ('currency', 'USD')])"
0063y00001A16gWAAR,0063y00001A16gWAAR,2027-01-14,2024-01-16,0013000001NXGNFAA5,0053y00000FhAetAAF,05 - Negotiating $$ & Mutual Plan,0053y00000FhAetAAF,"OrderedDict([('amount', 682.5), ('currency', 'USD')])",,,,,False,,,,,,,0-10k,,"OrderedDict([('amount', 682.5), ('currency', 'USD')])"
006ed00000D28A8AAJ,006ed00000D28A8AAJ,2026-01-31,2025-05-08,0013000001NXGNFAA5,0053y00000FhAetAAF,"02 - Determining Problem, Impact, Ideal",0053y00000FhAetAAF,"OrderedDict([('amount', 94400), ('currency', 'USD')])","8/6 VC - actively meeting w/ Chris on RCA + Billing projects, just completed DRO deep dive conversation & intro'd partner (DemandBlue), next session to cover a DRO demo to see it live in environment",,,,True,,,,,,100,Comment Only (25k-100k),,"OrderedDict([('amount', 94400), ('currency', 'USD')])"
006ed00000JZIdRAAX,006ed00000JZIdRAAX,2025-12-31,2025-08-26,0013000000hLxBwAAK,0053y00000FhAetAAF,"02 - Determining Problem, Impact, Ideal",0053y00000FhAetAAF,"OrderedDict([('amount', 12000), ('currency', 'USD')])",9/8 JW: setting H2 planning call with COO. Product: Agentforce. Risk: responsiveness. Rating: 2/10,,,,False,,,,,,,Radar (10k-25k),,"OrderedDict([('amount', 12000), ('currency', 'USD')])"
006ed00000FIPVZAA5,006ed00000FIPVZAA5,2026-01-01,2025-06-18,0013y00001d9GLPAA2,0053y00000GNaHEAA1,"02 - Determining Problem, Impact, Ideal",0053y00000GNaHEAA1,"OrderedDict([('amount', 20000), ('currency', 'USD')])",HF- 9/15 Working on service build out- Sync with Leadership team. Reverse demonstration + possible demo Product: Agentforce Range: 10-20 K,,,,False,,,,,,,Radar (10k-25k),,"OrderedDict([('amount', 20000), ('currency', 'USD')])"
006ed00000JGeBSAA1,006ed00000JGeBSAA1,2025-11-30,2025-08-21,0013y00001c7FK6AAM,0053y00000GPqQpAAL,"02 - Determining Problem, Impact, Ideal",0053y00000GPqQpAAL,"OrderedDict([('amount', 21000), ('currency', 'USD')])","9/15 JM: Products: Sales Cloud : $20k-30k | Status: Prospecting | Next steps: Researching Change Agents and new contacts| Risk: Timeline, Budget | Rating: 2 |",,,,False,,,,,,,Radar (10k-25k),"OrderedDict([('amount', 21000), ('currency', 'USD')])","OrderedDict([('amount', 21000), ('currency', 'USD')])"
006ed00000IpOtxAAF,006ed00000IpOtxAAF,2025-09-30,2025-08-14,0013000001CAqlbAAD,005ed000000Rd5JAAS,03 - Validating Benefits & Value,005ed000000Rd5JAAS,"OrderedDict([('amount', 25500), ('currency', 'USD')])",9/19 CG: Products: Sales Engagement: 25.5k | Status: Feedback | Next steps: CG to send Demo recording for Shelly to send internally; Feedback call 9/19 | Risk: Timeline; Budget; Looking at competitors,"09.15 SA - Agentforce for Sales demo 09.05 that went well. Sending consenus recording to other teams and syncing with stakeholder (Shelly) 09.12. Risk: Competition with other tools (Clay, Revenue.io, Gong)",UP-,UP -,True,2025-09-15,,,,,100,Comment Only (25k-100k),,"OrderedDict([('amount', 25500), ('currency', 'USD')])"
006ed00000JH3wDAAT,006ed00000JH3wDAAT,2026-02-27,2025-08-21,0013000001CBETnAAP,0053y00000GtJq2AAF,"02 - Determining Problem, Impact, Ideal",0053y00000GtJq2AAF,"OrderedDict([('amount', 110000), ('currency', 'USD')])",AR 9/15: Continue Tab Cloud POC conversation and AI plans with BI team (Frank & Tawnie) on upcoming client deployments,,,,False,,,,,,,Scorecard (+100k),,"OrderedDict([('amount', 110000), ('currency', 'USD')])"
006ed00000KSaTHAA1,006ed00000KSaTHAA1,2025-09-26,2025-09-08,0013y00001eBJa8AAG,0053y00000GtJq2AAF,"02 - Determining Problem, Impact, Ideal",0050M00000Dvd6yQAB,"OrderedDict([('amount', 3999), ('currency', 'USD')])",Disco - 9/17,09.15 SA - SE not involved yet,,,False,2025-09-16,,,,,,0-10k,,"OrderedDict([('amount', 3999), ('currency', 'USD')])"
006ed00000IZrYYAA1,006ed00000IZrYYAA1,2026-01-31,2025-08-11,0013000000DVFPCAA5,0053y00000FhAetAAF,"02 - Determining Problem, Impact, Ideal",0053y00000FhAetAAF,"OrderedDict([('amount', 25000), ('currency', 'USD')])",9/1 JW: bi-weekly sync with VP of tech to schedule agentforce ideation session. Product: agentforce. Rating: 5/10. Risk: timeline,,,,False,,,,,,,Comment Only (25k-100k),,"OrderedDict([('amount', 25000), ('currency', 'USD')])"
006ed0000033PyDAAU,006ed0000033PyDAAU,2025-09-30,2024-10-05,0010M00001QnuFtQAJ,0053y00000GtJq2AAF,05 - Negotiating $$ & Mutual Plan,0053y00000GtJq2AAF,"OrderedDict([('amount', 1050.385644), ('currency', 'USD')])",,09.15 SA - SE not involved,,IN,False,2025-09-15,,,,,,0-10k,,"OrderedDict([('amount', 1050.385644), ('currency', 'USD')])"
006ed00000I9Qc1AAF,006ed00000I9Qc1AAF,2025-10-31,2025-08-04,00130000016gs76AAA,005ed000000T5HFAA0,"02 - Determining Problem, Impact, Ideal",005ed000000T5HFAA0,"OrderedDict([('amount', 3600), ('currency', 'USD')])",9/15 AS: working to scheduling pricing call with CTO- renewal 11/17/25.,09.15 SA - SE not involved yet,,UP -,False,2025-09-15,,,,,,0-10k,,"OrderedDict([('amount', 3600), ('currency', 'USD')])"
006ed00000IE3BlAAL,006ed00000IE3BlAAL,2025-12-31,2025-08-05,0013y00001cp3IsAAI,005ed000000Q5fBAAS,"02 - Determining Problem, Impact, Ideal",005ed000000Q5fBAAS,"OrderedDict([('amount', 23760), ('currency', 'USD')])",10/15/25 SC : Accelevents Service cloud opportunity. Revisiting previous opp with Co-founder Andrew. Product: SC Rating: 1/10 Risk:Budget,,,,False,,,,,,,Radar (10k-25k),,"OrderedDict([('amount', 23760), ('currency', 'USD')])"
006ed00000CevzxAAB,006ed00000CevzxAAB,2025-11-30,2025-04-30,0010M00001V4ASUQA3,0053y00000FhAetAAF,"02 - Determining Problem, Impact, Ideal",0053y00000FhAetAAF,"OrderedDict([('amount', 9900), ('currency', 'USD')])","9/15 VC - check in w/ Brandie on license needs, healthy license utilization",,,UP -,False,,,,,,,0-10k,,"OrderedDict([('amount', 9900), ('currency', 'USD')])"
006ed00000FOSLwAAP,006ed00000FOSLwAAP,2025-11-30,2025-06-20,0013y00001dkHqSAAU,0053y00000GtJq2AAF,"02 - Determining Problem, Impact, Ideal",0053y00000GtJq2AAF,"OrderedDict([('amount', 20000), ('currency', 'USD')])","AR 9/15: Set up intro call with CTO, Gene to discuss license adds & Agentforce functionalities",5.30 CD - SE not yet involved.,,,False,2025-06-20,,,,,,Radar (10k-25k),,"OrderedDict([('amount', 20000), ('currency', 'USD')])"
006ed00000J7VH4AAN,006ed00000J7VH4AAN,2025-12-31,2025-08-19,0013000000Zk72yAAB,0053y00000GPqQpAAL,"02 - Determining Problem, Impact, Ideal",0053y00000GPqQpAAL,"OrderedDict([('amount', 35000), ('currency', 'USD')])","9/15 JM: Products: Mule : $20k-40k | Status: Integration Discovery | Next steps: Setting up integration call with Mule| Risk: Timeline, Budget | Rating: 5 |",,,,False,,,,,,,Comment Only (25k-100k),"OrderedDict([('amount', 0), ('currency', 'USD')])","OrderedDict([('amount', 35000), ('currency', 'USD')])"
006ed00000I9PrGAAV,006ed00000I9PrGAAV,2025-10-31,2025-08-04,0010M00001Z0LXdQAN,005ed000000Rd5JAAS,"02 - Determining Problem, Impact, Ideal",005ed000000Rd5JAAS,"OrderedDict([('amount', 2700), ('currency', 'USD')])",9/15: CG: Reach out to Stephen with cost savings Rating: 5/10. Product: Slack,09.16 SA - SE not involved yet,,UP -,False,2025-09-16,,,,,,0-10k,,"OrderedDict([('amount', 2700), ('currency', 'USD')])"
006ed00000GVcEIAA1,006ed00000GVcEIAA1,2026-01-31,2025-07-09,0013000001CAqlbAAD,005ed000000Rd5JAAS,"02 - Determining Problem, Impact, Ideal",005ed000000Rd5JAAS,"OrderedDict([('amount', 96000), ('currency', 'USD')])",,,,,False,,,,,,,Comment Only (25k-100k),,"OrderedDict([('amount', 96000), ('currency', 'USD')])"
006ed000009oo65AAA,006ed000009oo65AAA,2025-12-31,2025-03-03,0010M00001W811qQAB,0053y00000GtJq2AAF,"02 - Determining Problem, Impact, Ideal",0053y00000GtJq2AAF,"OrderedDict([('amount', 50000), ('currency', 'USD')])","AR 9/15: Follow up with Jeff, VP of Sales and Steven, VP of Ops to continue discussion around migrating off Hubspot, he is connecting with his team internally",,,UP -,True,,,,,,25,Comment Only (25k-100k),"OrderedDict([('amount', 0), ('currency', 'USD')])","OrderedDict([('amount', 50000), ('currency', 'USD')])"
006ed000007VqeNAAS,006ed000007VqeNAAS,2026-01-13,2025-01-15,00130000016jRIBAA2,005ed000000Rd5JAAS,03 - Validating Benefits & Value,005ed000000Rd5JAAS,"OrderedDict([('amount', 4825.08), ('currency', 'USD')])",,,,,False,,,,,,,0-10k,,"OrderedDict([('amount', 4825.08), ('currency', 'USD')])"
006ed00000Ceu1NAAR,006ed00000Ceu1NAAR,2026-03-31,2025-04-30,0013y00001cZejhAAC,0053y00000FhAetAAF,"02 - Determining Problem, Impact, Ideal",0053y00000FhAetAAF,"OrderedDict([('amount', 82500), ('currency', 'USD')])","5/1 VC: Reach out to Mark, prospecting phase, lining up for start of slow season (winter) for deployment of SF Platform. Prospecting phase, duplicate account in org62.",,,,False,,,,,,,Comment Only (25k-100k),,"OrderedDict([('amount', 82500), ('currency', 'USD')])"
006ed00000GZZpiAAH,006ed00000GZZpiAAH,2026-01-31,2025-07-10,0013000000hLbEjAAK,0053y00000GNaHEAA1,"02 - Determining Problem, Impact, Ideal",0053y00000GNaHEAA1,"OrderedDict([('amount', 35000), ('currency', 'USD')])",9/1 JW: q3 target to go live with agentforce. Risk: budget. Product: Feedback management. Rating: 4/10,,,,False,,,,,,,Comment Only (25k-100k),,"OrderedDict([('amount', 35000), ('currency', 'USD')])"
006ed00000JivdyAAB,006ed00000JivdyAAB,2026-04-30,2025-08-28,0013000000RZOPGAA5,0053y00000FhAetAAF,"02 - Determining Problem, Impact, Ideal",0053y00000FhAetAAF,"OrderedDict([('amount', 16800), ('currency', 'USD')])","9/1 VC - forecasted growth plans for Ligris & Associates, checking in w/ Christos on timeline",,,,False,,,,,,,Radar (10k-25k),,"OrderedDict([('amount', 16800), ('currency', 'USD')])"
006ed00000Ek5hNAAR,006ed00000Ek5hNAAR,2025-11-30,2025-06-10,00130000006A04oAAC,0053y00000GtJq2AAF,"02 - Determining Problem, Impact, Ideal",0053y00000GtJq2AAF,"OrderedDict([('amount', 45000), ('currency', 'USD')])","AR 9/15: Meet with leadership, Vake VP of IT and Raffi, Salesforce Admin to continue discussion around AI initiatives and Sales Coach",,,,True,,,,,,100,Comment Only (25k-100k),,"OrderedDict([('amount', 45000), ('currency', 'USD')])"
006ed00000JZGtNAAX,006ed00000JZGtNAAX,2025-11-30,2025-08-26,0013y00001dWetkAAC,0053y00000GNaHEAA1,"02 - Determining Problem, Impact, Ideal",0053y00000GNaHEAA1,"OrderedDict([('amount', 33000), ('currency', 'USD')])",9/15 HF : Intro note to CEO Product: account engagement. Rating: 3/10. Risk: competitor (hubspot),,,,False,,,,,,,Comment Only (25k-100k),,"OrderedDict([('amount', 33000), ('currency', 'USD')])"
006ed00000JC3qQAAT,006ed00000JC3qQAAT,2025-09-30,2025-08-20,0013000001JbvjAAAR,005ed000000T5HFAA0,"02 - Determining Problem, Impact, Ideal",005ed000000T5HFAA0,"OrderedDict([('amount', 4461.88681888373), ('currency', 'USD')])",8/29 Initial meeting with business owner of Slack. Contract is up on 10/31.,09.15 SA - SE not involved yet,,UP -,False,2025-09-15,,,,,,0-10k,"OrderedDict([('amount', 4077), ('currency', 'EUR')])","OrderedDict([('amount', 4077), ('currency', 'EUR')])"
006ed00000J6qqcAAB,006ed00000J6qqcAAB,2025-12-31,2025-08-19,0013y00001dNkbhAAC,005ed000000Q5fBAAS,"02 - Determining Problem, Impact, Ideal",005ed000000Q5fBAAS,"OrderedDict([('amount', 21000), ('currency', 'USD')])",10/21/25 SC: Dr Daniel is CEO. Startup company looking for funding currently. May be interested in Salesforce CRM and Service Cloud to start. Potential for Slack as well. Product: Service Cloud Risk: Budget Rating:2/10,,,UP -,False,,,,,,,Radar (10k-25k),,"OrderedDict([('amount', 21000), ('currency', 'USD')])"
006ed00000HCu1RAAT,006ed00000HCu1RAAT,2025-08-29,2025-07-21,0013y00001bf2h3AAA,0053y00000GPqQpAAL,08 - Closed,0053y00000GPqQpAAL,"OrderedDict([('amount', 269.88), ('currency', 'USD')])",8/27 JM: Products: Own renewal : $0k-1k | Status: Renewal Confirmation | Next steps: Docusign Execution  | Risk: Timeline | Rating: 8 |,,,,False,,,,,,,0-10k,"OrderedDict([('amount', 5662.2), ('currency', 'USD')])","OrderedDict([('amount', 269.88), ('currency', 'USD')])"
006ed00000IfQgvAAF,006ed00000IfQgvAAF,2026-01-31,2025-08-12,0013000001CBETnAAP,0053y00000GtJq2AAF,"02 - Determining Problem, Impact, Ideal",0053y00000GtJq2AAF,"OrderedDict([('amount', 60000), ('currency', 'USD')])",AR 9/15: Continue Agentforce POC and AI plans post Dreamforce with Karthik and Peter,,,,False,,,,,,,Comment Only (25k-100k),,"OrderedDict([('amount', 60000), ('currency', 'USD')])"
006ed000004Qr87AAC,006ed000004Qr87AAC,2025-10-31,2024-11-04,0013000001JbvjAAAR,005ed000000T5HFAA0,03 - Validating Benefits & Value,005ed000000T5HFAA0,"OrderedDict([('amount', 1652.6710581468012), ('currency', 'USD')])",,09.15 SA - SE not involved yet,,,False,2025-09-15,,,,,,0-10k,,"OrderedDict([('amount', 1510.11), ('currency', 'EUR')])"
006ed00000ElZv9AAF,006ed00000ElZv9AAF,2026-01-30,2025-06-10,0010M00001U9sXuQAJ,0053y00000GNaHEAA1,"02 - Determining Problem, Impact, Ideal",0053y00000GNaHEAA1,"OrderedDict([('amount', 12000.4), ('currency', 'USD')])",HF- 10/8 Onsite to be booked with LinkSquares team,08.12 SA - Their leadership wants to do a process review.,,,False,2025-08-12,,,,,,Radar (10k-25k),,"OrderedDict([('amount', 12000.4), ('currency', 'USD')])"
006ed00000A0dq1AAB,006ed00000A0dq1AAB,2025-12-31,2025-03-06,00130000016iJK6AAM,0053y00000FhAetAAF,"02 - Determining Problem, Impact, Ideal",0053y00000FhAetAAF,"OrderedDict([('amount', 30000), ('currency', 'USD')])","9/1 VC -  Pete still considering options when it comes to internal messaging tool, would only need 50-100 users today and then scale up, Pete wants to loop in head of CS to join conversation, sent email over and figuring out best next steps for a call.",,,,False,,,,,,,Comment Only (25k-100k),,"OrderedDict([('amount', 30000), ('currency', 'USD')])"
006ed00000IfQdhAAF,006ed00000IfQdhAAF,2026-03-31,2025-08-12,0013y00001dOFzoAAG,0053y00000FhAetAAF,"02 - Determining Problem, Impact, Ideal",0053y00000FhAetAAF,"OrderedDict([('amount', 42000), ('currency', 'USD')])","8/12 VC - new logo target, targeting CEO Steve Aborn for an onsite",,,,False,,,,,,,Comment Only (25k-100k),,"OrderedDict([('amount', 42000), ('currency', 'USD')])"
006ed00000IpMlhAAF,006ed00000IpMlhAAF,2026-01-31,2025-08-14,0010M00001WkVoJQAV,005ed000000Rd5JAAS,"02 - Determining Problem, Impact, Ideal",005ed000000Rd5JAAS,"OrderedDict([('amount', 35000), ('currency', 'USD')])",9/11 CG: Products: Mulesoft | Status: Disco | Next steps: Education session 9/11 for Slack + Fin Serv Cloud | Risk: Timeline; Budget; Reluctance to change,,,,False,,,,,,,Comment Only (25k-100k),,"OrderedDict([('amount', 35000), ('currency', 'USD')])"
0063y00001A0ypfAAB,0063y00001A0ypfAAB,2027-11-13,2024-01-05,0013000000M2R8eAAF,0053y00000GtJq2AAF,05 - Negotiating $$ & Mutual Plan,0053y00000GtJq2AAF,"OrderedDict([('amount', 11842.9560432), ('currency', 'USD')])",,,,,False,,,,,,,Radar (10k-25k),,"OrderedDict([('amount', 11842.9560432), ('currency', 'USD')])"
006ed00000HDBofAAH,006ed00000HDBofAAH,2025-09-30,2025-07-21,0013y00001cahZWAAY,0053y00000GNaHEAA1,04 - Confirming Value With Power,0053y00000GNaHEAA1,"OrderedDict([('amount', 2484), ('currency', 'USD')])","9/15 Tool they use PeopleVine claims to have blocked integration with SF Product, Michelle is meeting with her technical team to understand this. planned to move forward in September but unclear if this will prevent them from that. EE. Range 2-5K",,,IN,False,,,,,,,0-10k,"OrderedDict([('amount', 2484), ('currency', 'USD')])","OrderedDict([('amount', 2484), ('currency', 'USD')])"
006ed00000J6PKBAA3,006ed00000J6PKBAA3,2025-09-30,2025-08-19,0013000000RaKC2AAN,0053y00000FhAetAAF,"02 - Determining Problem, Impact, Ideal",0053y00000FhAetAAF,"OrderedDict([('amount', 3159), ('currency', 'USD')])","9/15 VC - active success request engagement, currently using Sales Engagement with part of sales team today, interested in fully replacing Yesware but needs to understand cadencing better, follow up call 9/18",09.15 SA - Premier Success session on 09.11 went well. Risk: Don't know if they'll need more licenses,UP-,UP -,True,2025-09-15,,,,,100,0-10k,"OrderedDict([('amount', 3159), ('currency', 'USD')])","OrderedDict([('amount', 3159), ('currency', 'USD')])"
006ed00000JZYOrAAP,006ed00000JZYOrAAP,2026-01-31,2025-08-26,0013000001JyVCdAAN,005ed000000Q5fBAAS,"02 - Determining Problem, Impact, Ideal",005ed000000Q5fBAAS,"OrderedDict([('amount', 41400), ('currency', 'USD')])",9/15/25 SC: Connected with Lance and Doug the Owner about potential Field Service Cloud for there construction company. Product: Field Service Risk: Budget Rating 2/10,,,,False,,,,,,,Comment Only (25k-100k),,"OrderedDict([('amount', 41400), ('currency', 'USD')])"
006ed00000CuaOTAAZ,006ed00000CuaOTAAZ,2026-02-28,2025-05-06,0013y00001cgbl0AAA,005ed000000Rd5JAAS,"02 - Determining Problem, Impact, Ideal",005ed000000Rd5JAAS,"OrderedDict([('amount', 50000), ('currency', 'USD')])",9/1 JW: sending leadership agenda for product deep dive.,,,,False,,,,,,,Comment Only (25k-100k),,"OrderedDict([('amount', 50000), ('currency', 'USD')])"
006ed000008Hq0rAAC,006ed000008Hq0rAAC,2026-01-28,2025-01-30,0013000001MsuP0AAJ,005ed000000Q5fBAAS,03 - Validating Benefits & Value,005ed000000Q5fBAAS,"OrderedDict([('amount', 3075.12), ('currency', 'USD')])",,,,,False,,,,,,,0-10k,,"OrderedDict([('amount', 3075.12), ('currency', 'USD')])"
006ed00000Kw5OpAAJ,006ed00000Kw5OpAAJ,2025-12-31,2025-09-16,0013y00001fohfRAAQ,005ed000000Q5fBAAS,"02 - Determining Problem, Impact, Ideal",005ed000000Q5fBAAS,"OrderedDict([('amount', 67500), ('currency', 'USD')])",11/1/25 SC Reengaged on possibility of Sales cloud EE opportunity. Setting up further discovery call after initial contact. Product: Sales EE Risk: Comp/Budget. Rating 1/10,,,,False,,,,,,,Comment Only (25k-100k),,"OrderedDict([('amount', 67500), ('currency', 'USD')])"
006ed00000IEc7tAAD,006ed00000IEc7tAAD,2026-01-31,2025-08-05,0010M00001SHcODQA1,005ed000000Rd5JAAS,"02 - Determining Problem, Impact, Ideal",005ed000000Rd5JAAS,"OrderedDict([('amount', 117875), ('currency', 'USD')])",8/8 - Read back with Jared,,,,False,,,,,,,Scorecard (+100k),,"OrderedDict([('amount', 117875), ('currency', 'USD')])"
006ed000004n37TAAQ,006ed000004n37TAAQ,2025-11-13,2024-11-12,0013000001L6gQCAAZ,0053y00000GPqQpAAL,03 - Validating Benefits & Value,0053y00000GPqQpAAL,"OrderedDict([('amount', 2792.2827), ('currency', 'USD')])",,,,,False,,,,,,,0-10k,,"OrderedDict([('amount', 2792.2827), ('currency', 'USD')])"
006ed00000Kg7w1AAB,006ed00000Kg7w1AAB,2025-09-30,2025-09-11,0013000001CAqlbAAD,005ed000000Rd5JAAS,"02 - Determining Problem, Impact, Ideal",005ed000000Rd5JAAS,"OrderedDict([('amount', 6450), ('currency', 'USD')])",9/19 CG: Products: Sales Dialer - $6.4k | Status: Feedback | Next steps: CG to send Demo recording for Shelly to send internally; Feedback call 9/19 | Risk: Timeline; Budget; Looking at competitors,"09.15 SA - Agentforce for Sales demo 09.05 that went well. Sending consenus recording to other teams and syncing with stakeholder (Shelly) 09.12. Risk: Competition with other tools (Clay, Revenue.io, Gong)",UP-,,False,2025-09-15,,,,,,0-10k,,"OrderedDict([('amount', 6450), ('currency', 'USD')])"
006ed00000E9GALAA3,006ed00000E9GALAA3,2025-11-30,2025-05-30,0010M00001WHuW7QAL,0053y00000GPqQpAAL,"02 - Determining Problem, Impact, Ideal",0053y00000GPqQpAAL,"OrderedDict([('amount', 38400), ('currency', 'USD')])","9/15 JM: Products: Tableau : $30k-50k | Status: Agentforce Discovery | Next steps: Reconnecting around Workshop/ Getting understanding of prioritization from customer  | Risk: Timeline, Budget | Rating: 4 |",8/1 CD - AF discussion underway - education + use case ideation. More to come.,,,True,2025-08-01,,,,,25,Comment Only (25k-100k),"OrderedDict([('amount', 0), ('currency', 'USD')])","OrderedDict([('amount', 38400), ('currency', 'USD')])"
006ed00000K5jFXAAZ,006ed00000K5jFXAAZ,2026-01-31,2025-09-03,0010M00001QkxDbQAJ,005ed000000T5HFAA0,"02 - Determining Problem, Impact, Ideal",005ed000000T5HFAA0,"OrderedDict([('amount', 20160), ('currency', 'USD')])",9/8 Schedule intro call based on recent security concerns with Salesloft,,,,False,,,,,,,Radar (10k-25k),,"OrderedDict([('amount', 20160), ('currency', 'USD')])"
006ed00000L6EKMAA3,006ed00000L6EKMAA3,2025-09-19,2025-09-18,0013000001M1DIDAA3,0053y00000GtJq2AAF,04 - Confirming Value With Power,005ed000000B9UbAAK,"OrderedDict([('amount', 6360), ('currency', 'USD')])",,,,,False,,,,,,,0-10k,"OrderedDict([('amount', 6360), ('currency', 'USD')])","OrderedDict([('amount', 6360), ('currency', 'USD')])"
006ed000005SQ7xAAG,006ed000005SQ7xAAG,2025-12-31,2024-11-25,0013y00001cgbl0AAA,005ed000000Rd5JAAS,"02 - Determining Problem, Impact, Ideal",005ed000000Rd5JAAS,"OrderedDict([('amount', 50000), ('currency', 'USD')])",9/11 CG: Product: Agentforce | Status: Feedback | Next steps: Greg pushed projects out to back half of Q4 due to other initiatives that take priority with their re-structure | Risk: Current implementation strategy,09.09 SA - Working on getting new AE up to speed on account and set additional discovery meetings. Risk: Urgency,UP-,UP -,True,2025-09-08,,,,,125,Comment Only (25k-100k),,"OrderedDict([('amount', 50000), ('currency', 'USD')])"
006ed00000IOqmHAAT,006ed00000IOqmHAAT,2025-08-28,2025-08-07,0010M00001SHvcYQAT,0053y00000GtJq2AAF,08 - Closed,0053y00000GtJq2AAF,"OrderedDict([('amount', 802.8), ('currency', 'USD')])","AR 8/25: Michael CEO has legal view, gave verbal he will sign be EOW",,,IN,False,,,,,,,0-10k,"OrderedDict([('amount', 802.8), ('currency', 'USD')])","OrderedDict([('amount', 802.8), ('currency', 'USD')])"
006ed00000BbPXOAA3,006ed00000BbPXOAA3,2026-01-31,2025-04-08,0013000000hLxBwAAK,0053y00000FhAetAAF,03 - Validating Benefits & Value,0053y00000FhAetAAF,"OrderedDict([('amount', 48000), ('currency', 'USD')])",9/1 JW: scheduling process review with Ninety10. Risk: budget. Rating: 5/10. Product: RCA.,"5.2 CD - SE not yet involved<br><br>6.6 CD - After initial positive discussion, customer decided to go with Microsoft Field Service solution. Sounds like implementation started. My assessment is this deal is dead.",,UP -,False,2025-06-12,,,,,,Comment Only (25k-100k),,"OrderedDict([('amount', 48000), ('currency', 'USD')])"
006ed00000J7dg1AAB,006ed00000J7dg1AAB,2026-01-31,2025-08-19,0013000000A9kOpAAJ,005ed000000Q5fBAAS,"02 - Determining Problem, Impact, Ideal",005ed000000Q5fBAAS,"OrderedDict([('amount', 48000), ('currency', 'USD')])",10/15/25 SC: Engaging with Brian Phillips on there renewal and pitching $0 CPQ license promotion. Product:RevCloud Risk:Budget Rating 2/10,,,,False,,,,,,,Comment Only (25k-100k),,"OrderedDict([('amount', 48000), ('currency', 'USD')])"
006ed00000G8GXpAAN,006ed00000G8GXpAAN,2026-01-31,2025-07-02,00100000000k3PyAAI,0053y00000GNaHEAA1,"02 - Determining Problem, Impact, Ideal",0053y00000GNaHEAA1,"OrderedDict([('amount', 15000), ('currency', 'USD')])",9/2 JW: ninety10 upgrading customer to lightning from classic. Rating: 6/10. Risk: timeline/urgency,,,,False,,,,,,,Radar (10k-25k),,"OrderedDict([('amount', 15000), ('currency', 'USD')])"
006ed00000JBudSAAT,006ed00000JBudSAAT,2026-01-31,2025-08-20,0010M00001QkxDbQAJ,005ed000000T5HFAA0,"02 - Determining Problem, Impact, Ideal",005ed000000T5HFAA0,"OrderedDict([('amount', 56700), ('currency', 'USD')])",9/8 AS to Schedule intro call with VP of Rev Ops,,,UP -,False,,,,,,,Comment Only (25k-100k),,"OrderedDict([('amount', 56700), ('currency', 'USD')])"
006ed00000JZkUrAAL,006ed00000JZkUrAAL,2026-01-31,2025-08-26,0010M00001QkMZrQAN,0053y00000GPqQpAAL,"02 - Determining Problem, Impact, Ideal",0053y00000GPqQpAAL,"OrderedDict([('amount', 33000), ('currency', 'USD')])","9/15 JM: Products: UE Upgrade : $20k-40k | Status: Discovery | Next steps: Setting time to discuss Tech Consolidation and license growth | Risk: Timeline, Budget | Rating: 5 |",,,,False,,,,,,,Comment Only (25k-100k),,"OrderedDict([('amount', 33000), ('currency', 'USD')])"
006ed00000J71dxAAB,006ed00000J71dxAAB,2025-12-31,2025-08-19,0013y00001dNkbhAAC,005ed000000Q5fBAAS,"02 - Determining Problem, Impact, Ideal",005ed000000Q5fBAAS,"OrderedDict([('amount', 1044), ('currency', 'USD')])",10/21/25 SC: Dr Daniel is CEO. Startup company looking for funding currently. May be interested in Salesforce CRM and Service Cloud to start. Potential for Slack as well. Product: Service Cloud Risk: Budget Rating:2/10,,,,False,,,,,,,0-10k,,"OrderedDict([('amount', 1044), ('currency', 'USD')])"
006ed00000KWaPpAAL,006ed00000KWaPpAAL,2026-01-31,2025-09-09,0013000001GVj7QAAT,005ed000000Q5fBAAS,"02 - Determining Problem, Impact, Ideal",005ed000000Q5fBAAS,"OrderedDict([('amount', 82800), ('currency', 'USD')])",,,,,False,,,,,,,Comment Only (25k-100k),,"OrderedDict([('amount', 82800), ('currency', 'USD')])"
006ed00000E5QHxAAN,006ed00000E5QHxAAN,2026-01-30,2025-05-29,0013y00001comG9AAI,0053y00000GNaHEAA1,"02 - Determining Problem, Impact, Ideal",0053y00000GNaHEAA1,"OrderedDict([('amount', 49500), ('currency', 'USD')])",HF- 9/8 #Aspiration- Goal to engage CEO to talk through CRM. Sales Cloud Range: 10-20 K Risk: Budget,,,,False,,,,,,,Comment Only (25k-100k),,"OrderedDict([('amount', 49500), ('currency', 'USD')])"
006ed00000K9kHqAAJ,006ed00000K9kHqAAJ,2025-09-03,2025-09-04,0013y00001cZpKrAAK,0053y00000FhAetAAF,08 - Closed,0053y00000FhAetAAF,"OrderedDict([('amount', 1200), ('currency', 'USD')])",,,,,False,,,,,,,0-10k,"OrderedDict([('amount', 1200), ('currency', 'USD')])","OrderedDict([('amount', 1200), ('currency', 'USD')])"
006ed00000FmpFhAAJ,006ed00000FmpFhAAJ,2025-10-31,2025-06-26,0013000000FdaN3AAJ,0053y00000GNaHEAA1,"02 - Determining Problem, Impact, Ideal",0053y00000GNaHEAA1,"OrderedDict([('amount', 31500), ('currency', 'USD')])",HF 9/15- Renewal Dec 1- Hannah send another note to Irina asking if this is still a priority and send a break down of things that need to happen for the eval. Spiff team. Product: Spiff Range: 20-45K,09.15 SA - SE not yet involved.,,UP -,False,2025-09-15,,,,,,Comment Only (25k-100k),,"OrderedDict([('amount', 31500), ('currency', 'USD')])"
006ed00000KbOz8AAF,006ed00000KbOz8AAF,2025-09-30,2025-09-10,001ed00000gwV6TAAU,0053y00000FhAetAAF,"02 - Determining Problem, Impact, Ideal",0053y00000FhAetAAF,"OrderedDict([('amount', 5040), ('currency', 'USD')])","9/15 VC - pricing call 9/15, confirming path to signature in month",09.15 SA - Discovery call on 09.10. Need centralized CRM that can scale with customer portals. Follow up call 09.15Risk: Pricing,UP-,,False,2025-09-15,,,,,,0-10k,"OrderedDict([('amount', 5040), ('currency', 'USD')])","OrderedDict([('amount', 5040), ('currency', 'USD')])"
006ed00000EA2JpAAL,006ed00000EA2JpAAL,2025-11-30,2025-05-30,00100000001u0HyAAI,0053y00000FhAetAAF,"02 - Determining Problem, Impact, Ideal",0053y00000FhAetAAF,"OrderedDict([('amount', 9900), ('currency', 'USD')])","9/15 VC - at full utilization for SC licenses, forecasting growth for later in year",,,,False,,,,,,,0-10k,,"OrderedDict([('amount', 9900), ('currency', 'USD')])"
006ed00000KWPZFAA5,006ed00000KWPZFAA5,2025-12-31,2025-09-09,00130000006A04oAAC,0053y00000GtJq2AAF,08 - Closed,0053y00000GtJq2AAF,"OrderedDict([('amount', 82500), ('currency', 'USD')])",,,,,False,,,,,,,Comment Only (25k-100k),,"OrderedDict([('amount', 82500), ('currency', 'USD')])"
006ed00000HuztRAAR,006ed00000HuztRAAR,2026-05-31,2025-07-31,0010M00001V4ASUQA3,0053y00000FhAetAAF,"02 - Determining Problem, Impact, Ideal",0053y00000FhAetAAF,"OrderedDict([('amount', 52800), ('currency', 'USD')])","8/1 VC - RCA interest, SF admin / operations specialist attended RCA breakfast at BOS World Tour",,,,False,,,,,,,Comment Only (25k-100k),,"OrderedDict([('amount', 52800), ('currency', 'USD')])"
006ed0000033TqJAAU,006ed0000033TqJAAU,2025-09-07,2024-10-05,0013000000rociMAAQ,005ed000000Rd5JAAS,08 - Closed,005ed000000Rd5JAAS,"OrderedDict([('amount', 411.6), ('currency', 'USD')])",,,,UP -,False,,,,,,,0-10k,,"OrderedDict([('amount', 411.6), ('currency', 'USD')])"
006ed00000HfnfhAAB,006ed00000HfnfhAAB,2026-03-31,2025-07-28,0013y00001cp3IsAAI,005ed000000Q5fBAAS,"02 - Determining Problem, Impact, Ideal",005ed000000Q5fBAAS,"OrderedDict([('amount', 21780), ('currency', 'USD')])",9/19/25 SC: Reching out to Jared Surasky the VP about SC license purchase Product: Sales Cloud  Risk: Budget. Rating: 3/10,,,,False,,,,,,,Radar (10k-25k),,"OrderedDict([('amount', 21780), ('currency', 'USD')])"
006ed00000IRMDOAA5,006ed00000IRMDOAA5,2025-12-31,2025-08-08,0013y00001cp3IsAAI,005ed000000Q5fBAAS,"02 - Determining Problem, Impact, Ideal",005ed000000Q5fBAAS,"OrderedDict([('amount', 1500), ('currency', 'USD')])",10/19/25 SC:  Team does not currently use slack but general need. Andrew Gelnias CoFounder follow up. Product: Slack Business. Rating: 2/10 Risk: Budget,,,,False,,,,,,,0-10k,,"OrderedDict([('amount', 1500), ('currency', 'USD')])"
006ed00000FPZ5CAAX,006ed00000FPZ5CAAX,2025-12-31,2025-06-20,0010M00001QkxDbQAJ,005ed000000T5HFAA0,"02 - Determining Problem, Impact, Ideal",005ed000000T5HFAA0,"OrderedDict([('amount', 15000), ('currency', 'USD')])",6/23 AS to schedule intro call with Head of Customer Success,,,,False,,,,,,,Radar (10k-25k),,"OrderedDict([('amount', 15000), ('currency', 'USD')])"
006ed00000KRc2TAAT,006ed00000KRc2TAAT,2025-09-08,2025-09-08,0010M00001UViclQAD,0053y00000GPqQpAAL,08 - Closed,0053y00000GPqQpAAL,"OrderedDict([('amount', 17.877024), ('currency', 'USD')])",,,,,False,,,,,,,0-10k,,"OrderedDict([('amount', 17.877024), ('currency', 'USD')])"
006ed00000KCfruAAD,006ed00000KCfruAAD,2025-10-31,2025-09-04,0013y00001cFp9bAAC,0053y00000GtJq2AAF,"02 - Determining Problem, Impact, Ideal",0053y00000GtJq2AAF,"OrderedDict([('amount', 27000), ('currency', 'USD')])",AR 9/15: Meeting set with Joe & Curt on 10/8 to discuss license needs,09.15 SA - Meeting set for 10.08 to talk through license needs,UP-,,False,2025-09-15,,,,,,Comment Only (25k-100k),,"OrderedDict([('amount', 27000), ('currency', 'USD')])"
006ed00000Jl1KHAAZ,006ed00000Jl1KHAAZ,2025-08-28,2025-08-28,0010M00001bbx8HQAQ,005ed000000Q5fBAAS,08 - Closed,005ed000000Q5fBAAS,"OrderedDict([('amount', 3120), ('currency', 'USD')])",,,,,False,,,,,,,0-10k,,"OrderedDict([('amount', 3120), ('currency', 'USD')])"
006ed00000JBGswAAH,006ed00000JBGswAAH,2025-12-31,2025-08-20,0013000001JbvjAAAR,005ed000000T5HFAA0,"02 - Determining Problem, Impact, Ideal",005ed000000T5HFAA0,"OrderedDict([('amount', 22842), ('currency', 'USD')])",9/8 schedule call to identify potential upgrade from CPQ,,,,False,,,,,,,Radar (10k-25k),,"OrderedDict([('amount', 22842), ('currency', 'USD')])"
006ed00000HO9GTAA1,006ed00000HO9GTAA1,2026-01-30,2025-07-23,0010M00001U9sXuQAJ,0053y00000GNaHEAA1,05 - Negotiating $$ & Mutual Plan,0053y00000GNaHEAA1,"OrderedDict([('amount', 53159.2), ('currency', 'USD')])",9/15 HF Had formal pricing wcall W/ Laura + Bobbie (SR. Project mgmt) + VP of technical services. Monday meet to cover pilot for engineering team.  RISK: Staying on Looker Range 45-55K,09.15 SA - Tableau team had demo 09.09. Pricing call 09.09 after ballpark pricing given last week. Risk: Evaluating other products and doing formal evaluation.,UP-,UP -,True,2025-09-15,,,,,100,Comment Only (25k-100k),"OrderedDict([('amount', 53159.2), ('currency', 'USD')])","OrderedDict([('amount', 53159.2), ('currency', 'USD')])"
006ed00000EX3v7AAD,006ed00000EX3v7AAD,2026-03-31,2025-06-06,0013000000RX3XTAA1,0053y00000FhAetAAF,"02 - Determining Problem, Impact, Ideal",0053y00000FhAetAAF,"OrderedDict([('amount', 12000), ('currency', 'USD')])","6/6 VC - interested in backup, sending over resources",,,,False,,,,,,,Radar (10k-25k),,"OrderedDict([('amount', 12000), ('currency', 'USD')])"
006ed00000KcD3xAAF,006ed00000KcD3xAAF,2025-11-30,2025-09-10,00130000016gWCtAAM,0053y00000GNaHEAA1,"02 - Determining Problem, Impact, Ideal",0053y00000GNaHEAA1,"OrderedDict([('amount', 40000), ('currency', 'USD')])","HF- 9/16 Proposed call with VP of Legal + Aaron. He has some questions surrounding what data was leaked in the Sales loft breach. Product: Shield, Range: 30-50K",,,,False,,,,,,,Comment Only (25k-100k),,"OrderedDict([('amount', 40000), ('currency', 'USD')])"
006ed00000333UUAAY,006ed00000333UUAAY,2025-09-08,2024-10-05,0013y00001d0a8YAAQ,0053y00000GNaHEAA1,08 - Closed,0053y00000GNaHEAA1,"OrderedDict([('amount', 15), ('currency', 'USD')])",,,,UP -,False,,,,,,,0-10k,,"OrderedDict([('amount', 15), ('currency', 'USD')])"
006ed00000Ky1nJAAR,006ed00000Ky1nJAAR,2025-12-31,2025-09-16,0010M00001V43J0QAJ,0053y00000FhAetAAF,"02 - Determining Problem, Impact, Ideal",0053y00000FhAetAAF,"OrderedDict([('amount', 48000), ('currency', 'USD')])","9/16 VC - introduction call w/ Aalap Friday, 9/19 at 9:30am EST",,,,False,,,,,,,Comment Only (25k-100k),,"OrderedDict([('amount', 48000), ('currency', 'USD')])"
006ed00000Afj6fAAB,006ed00000Afj6fAAB,2025-11-30,2025-03-20,0013000001CBETnAAP,0053y00000GtJq2AAF,"02 - Determining Problem, Impact, Ideal",0053y00000GtJq2AAF,"OrderedDict([('amount', 65000), ('currency', 'USD')])",AR 9/15: Follow up call with PD and BI team on resources shared to continue discussion around migration to Tableau Cloud,08.11 SA - SE not involved yet,,UP -,True,2025-08-11,,,,,100,Comment Only (25k-100k),,"OrderedDict([('amount', 65000), ('currency', 'USD')])"
006ed00000F5nFaAAJ,006ed00000F5nFaAAJ,2025-12-31,2025-06-16,0013y00001dWIUaAAO,005ed000000Q5fBAAS,"02 - Determining Problem, Impact, Ideal",005ed000000Q5fBAAS,"OrderedDict([('amount', 9800), ('currency', 'USD')])",10/15 SC Follwing up with Manu and Sasha to set a deeper discovery call with them. Product: Agentforce Risk: Budget Rating: 1/10,,,,False,,,,,,,0-10k,,"OrderedDict([('amount', 9800), ('currency', 'USD')])"
006ed00000JeqoAAAR,006ed00000JeqoAAAR,2025-08-27,2025-08-27,0010M00001bbx8HQAQ,005ed000000Q5fBAAS,08 - Closed,005ed000000Q5fBAAS,"OrderedDict([('amount', 2880), ('currency', 'USD')])",,,,,False,,,,,,,0-10k,"OrderedDict([('amount', 2880), ('currency', 'USD')])","OrderedDict([('amount', 2880), ('currency', 'USD')])"
006ed00000FCTgjAAH,006ed00000FCTgjAAH,2026-01-31,2025-06-17,0013000000RXhWHAA1,005ed000000Q5fBAAS,"02 - Determining Problem, Impact, Ideal",005ed000000Q5fBAAS,"OrderedDict([('amount', 6000), ('currency', 'USD')])",9/1 JW: closing out fiscal year - reengage in september. Risk: hubspot users. Product: Agentforce,,,,False,,,,,,,0-10k,,"OrderedDict([('amount', 6000), ('currency', 'USD')])"
006ed00000FPHuiAAH,006ed00000FPHuiAAH,2026-01-31,2025-06-20,0013000001NXGNFAA5,0053y00000FhAetAAF,"02 - Determining Problem, Impact, Ideal",0053y00000FhAetAAF,"OrderedDict([('amount', 20000), ('currency', 'USD')])","7/14 VC - current foundations customer, spark agentforce convos",,,,False,,,,,,,Radar (10k-25k),,"OrderedDict([('amount', 20000), ('currency', 'USD')])"
006ed00000FCSsjAAH,006ed00000FCSsjAAH,2025-11-30,2025-06-17,0010M00001SIqrjQAD,005ed000000Q5fBAAS,"02 - Determining Problem, Impact, Ideal",005ed000000Q5fBAAS,"OrderedDict([('amount', 6600), ('currency', 'USD')])",10/21/25 SC: Set discovery call with Christopher. Product: Agentforce Risk: Budget Rating: 1/10,,,,False,,,,,,,0-10k,,"OrderedDict([('amount', 6600), ('currency', 'USD')])"
006ed00000IE5wjAAD,006ed00000IE5wjAAD,2025-12-31,2025-08-05,0013y00001cp3IsAAI,005ed000000Q5fBAAS,"02 - Determining Problem, Impact, Ideal",005ed000000Q5fBAAS,"OrderedDict([('amount', 23760), ('currency', 'USD')])",10/15/25 SC : Sales cloud opportunity with Andrew the Co-founder replace current crm. Team of 10 sellers Product: SC. Risk: Budget. Rating 1/10,,,,False,,,,,,,Radar (10k-25k),,"OrderedDict([('amount', 23760), ('currency', 'USD')])"
006ed00000JdLUgAAN,006ed00000JdLUgAAN,2026-01-30,2025-08-27,0013y00001crVoqAAE,0053y00000GNaHEAA1,"02 - Determining Problem, Impact, Ideal",0053y00000GNaHEAA1,"OrderedDict([('amount', 31500), ('currency', 'USD')])","HF- 9/13 Sophomore account, just got all set up on Sales cloud- Open to talking through their serivce team- currently manual process. Call with Brandon (Operations lead) Product: Service Range: 20-30 K",,,,False,,,,,,,Comment Only (25k-100k),,"OrderedDict([('amount', 31500), ('currency', 'USD')])"
006ed00000J3JrBAAV,006ed00000J3JrBAAV,2025-12-31,2025-08-18,00130000016jRIBAA2,005ed000000Rd5JAAS,"02 - Determining Problem, Impact, Ideal",005ed000000Rd5JAAS,"OrderedDict([('amount', 28350), ('currency', 'USD')])",9/15 CG: Products: Field Service : $31k | Status: Disco/education | Next steps: Project pushed - Reach out for Disco for Field Service with Jesse and Daisy | Risk: Timeline; Budget,,,UP -,True,,,,,,100,Comment Only (25k-100k),,"OrderedDict([('amount', 28350), ('currency', 'USD')])"
006ed000003tP5hAAE,006ed000003tP5hAAE,2025-09-30,2024-10-23,0010M00001Ytzm3QAB,0053y00000GNaHEAA1,05 - Negotiating $$ & Mutual Plan,0053y00000GNaHEAA1,"OrderedDict([('amount', 40563.1296), ('currency', 'USD')])",HF- 9/15 Tripp reach out to Adam regarding concern with discounts - Send him a note letting him know some additional discounts were provided. Product: Field service Range: 50-60 K Risk:Timing,09.15 SA - Pro-Vision is reviewing SF and partner pricing. AE is working to set up weekly syncs to keep a pulse going into budgeting month (October) Risks = Pricing & Timing,UP+,IN,True,2025-09-15,,,,,200,Comment Only (25k-100k),"OrderedDict([('amount', 40563.129599999986), ('currency', 'USD')])","OrderedDict([('amount', 40563.1296), ('currency', 'USD')])"
006ed00000If3cHAAR,006ed00000If3cHAAR,2025-12-31,2025-08-12,0010M00001WYkMIQA1,005ed000000Q5fBAAS,"02 - Determining Problem, Impact, Ideal",005ed000000Q5fBAAS,"OrderedDict([('amount', 23100), ('currency', 'USD')])",10/15/25 SC: Follow up with Steven Juckett President about SC opportunity I met with Allie Foran about. Set intro call with him and his sales manager . Product: Sales Cloud Enterprise.  Risk: Budget.  Rating: 2/10,,,,False,,,,,,,Radar (10k-25k),,"OrderedDict([('amount', 23100), ('currency', 'USD')])"
006ed00000FIRqjAAH,006ed00000FIRqjAAH,2025-12-31,2025-06-18,0010M00001WkN3kQAF,0053y00000GNaHEAA1,"02 - Determining Problem, Impact, Ideal",0053y00000GNaHEAA1,"OrderedDict([('amount', 10000), ('currency', 'USD')])",HF-9/15 Jason working through a data clean up to prep for AI- set up workshop session w/ his extended team to cover usecases,,,,False,,,,,,,Radar (10k-25k),,"OrderedDict([('amount', 10000), ('currency', 'USD')])"
006ed000002sbmJAAQ,006ed000002sbmJAAQ,2025-10-03,2024-10-02,0010M00001Qju3vQAB,0053y00000FhAetAAF,05 - Negotiating $$ & Mutual Plan,0053y00000FhAetAAF,"OrderedDict([('amount', 332.1585490896), ('currency', 'USD')])",9/15 VC - confirming renewal with Squadle team,,,UP -,False,,,,,,,0-10k,,"OrderedDict([('amount', 332.1585490896), ('currency', 'USD')])"
006ed00000JdjjuAAB,006ed00000JdjjuAAB,2025-08-27,2025-08-27,0013y00001cYHC5AAO,005ed000000T5HFAA0,08 - Closed,005ed000000T5HFAA0,"OrderedDict([('amount', 1440), ('currency', 'USD')])",,,,,False,,,,,,,0-10k,"OrderedDict([('amount', 1440), ('currency', 'USD')])","OrderedDict([('amount', 1440), ('currency', 'USD')])"
006ed00000EWrluAAD,006ed00000EWrluAAD,2025-10-31,2025-06-06,0013000000NSDyQAAX,005ed000000T5HFAA0,03 - Validating Benefits & Value,005ed000000T5HFAA0,"OrderedDict([('amount', 10100), ('currency', 'USD')])",9/15 AS: working to connect with Valentine and Kim to re-engage. Valentine mentioned early September being a good time to reach back out.,09.15 SA - SE not involved yet,,UP -,True,2025-09-15,,,,,100,Radar (10k-25k),"OrderedDict([('amount', 10100), ('currency', 'USD')])","OrderedDict([('amount', 10100), ('currency', 'USD')])"
006ed00000CzAZqAAN,006ed00000CzAZqAAN,2025-11-30,2025-05-07,0013000001GWsvoAAD,0053y00000FhAetAAF,03 - Validating Benefits & Value,0053y00000FhAetAAF,"OrderedDict([('amount', 47704.5), ('currency', 'USD')])",9/15 VC - respark conversations about Enterprise search project,"8/1 CD - Possibility for ""POC."" On pause due to world events. Main contacts/DM in Israel.",UP-,UP -,True,2025-08-01,,,,,100,Comment Only (25k-100k),"OrderedDict([('amount', 92704.5), ('currency', 'USD')])","OrderedDict([('amount', 47704.5), ('currency', 'USD')])"
006ed00000H3hMnAAJ,006ed00000H3hMnAAJ,2026-04-30,2025-07-18,0013000000RX3XTAA1,0053y00000FhAetAAF,"02 - Determining Problem, Impact, Ideal",0053y00000FhAetAAF,"OrderedDict([('amount', 30000), ('currency', 'USD')])","7/18 VC - sent data cloud pitch, following up for feedback",,,,False,,,,,,,Comment Only (25k-100k),,"OrderedDict([('amount', 30000), ('currency', 'USD')])"
006ed00000GVur7AAD,006ed00000GVur7AAD,2025-12-30,2025-07-09,0010M00001U9sXuQAJ,0053y00000GNaHEAA1,"02 - Determining Problem, Impact, Ideal",0053y00000GNaHEAA1,"OrderedDict([('amount', 100000), ('currency', 'USD')])","HF- 10/8 Onsite meeting with LinkSquares team to cover tech stack review, and business process review!",,,,False,,,,,,,Comment Only (25k-100k),,"OrderedDict([('amount', 100000), ('currency', 'USD')])"
006ed00000KwmrxAAB,006ed00000KwmrxAAB,2025-10-31,2025-09-16,0013000001CAqlbAAD,005ed000000Rd5JAAS,"02 - Determining Problem, Impact, Ideal",005ed000000Rd5JAAS,"OrderedDict([('amount', 16875), ('currency', 'USD')])",9/16 CG: Products: Digital Engagement: $16.8k | Status: Feedback | Next steps: CG to send Demo recording for Shelly to send internally; Feedback call 9/16 | Risk: Timeline; Budget; Looking at competitors,"09.15 SA - Agentforce for Sales demo 09.05 that went well. Sending consenus recording to other teams and syncing with stakeholder (Shelly) 09.12. Risk: Competition with other tools (Clay, Revenue.io, Gong)",,,False,2025-09-16,,,,,,Radar (10k-25k),,"OrderedDict([('amount', 16875), ('currency', 'USD')])"
006ed00000Fxmw2AAB,006ed00000Fxmw2AAB,2025-10-31,2025-06-30,0013000000DVFPCAA5,0053y00000FhAetAAF,03 - Validating Benefits & Value,0053y00000FhAetAAF,"OrderedDict([('amount', 10000), ('currency', 'USD')])","9/15 VC - inherited opp, bi-weekly sync with VP of tech, qualifying opp",09.15 - Going through Mulesoft implementations and cleaning up Tableau Data Sources. Working to set up Tableau SF on SF. | Risk: Urgency,UP-,UP -,True,2025-09-15,,,,,300,Radar (10k-25k),"OrderedDict([('amount', -35985), ('currency', 'USD')])","OrderedDict([('amount', 10000), ('currency', 'USD')])"
006ed00000IpBn3AAF,006ed00000IpBn3AAF,2026-01-31,2025-08-14,0010M00001WkVoJQAV,005ed000000Rd5JAAS,"02 - Determining Problem, Impact, Ideal",005ed000000Rd5JAAS,"OrderedDict([('amount', 25200), ('currency', 'USD')])",9/11 CG: Products: Slack Biz+ : 1.6k | Status: Education/disco | Next steps: Education session 9/11 for Slack + Fin Serv Cloud | Risk: Timeline; Budget; Reluctance to change,,,,False,,,,,,,Comment Only (25k-100k),,"OrderedDict([('amount', 25200), ('currency', 'USD')])"
006ed00000Cam8rAAB,006ed00000Cam8rAAB,2026-03-31,2025-04-29,0013y00001eqQUDAA2,0053y00000FhAetAAF,"02 - Determining Problem, Impact, Ideal",0053y00000FhAetAAF,"OrderedDict([('amount', 23760), ('currency', 'USD')])","5/1 VC - NL, work on expanding TAB footprint and gauge need for CRM",,,,False,,,,,,,Radar (10k-25k),,"OrderedDict([('amount', 23760), ('currency', 'USD')])"
006ed00000J76TyAAJ,006ed00000J76TyAAJ,2025-11-30,2025-08-19,0013000000ZjEDhAAN,005ed000000Q5fBAAS,"02 - Determining Problem, Impact, Ideal",005ed000000Q5fBAAS,"OrderedDict([('amount', 2808), ('currency', 'USD')])",10/15/25 Spoke to Mariel they had some downsize in personelle. On hold for immediate time frame. Check back in end Sep/Oct Risk: Timing/ Budget Product: SC EE Rating8/10,,,UP -,False,,,,,,,0-10k,,"OrderedDict([('amount', 2808), ('currency', 'USD')])"
006ed00000G4QAnAAN,006ed00000G4QAnAAN,2025-10-31,2025-07-01,0010M00001WkVoJQAV,005ed000000Rd5JAAS,"02 - Determining Problem, Impact, Ideal",005ed000000Rd5JAAS,"OrderedDict([('amount', 1620), ('currency', 'USD')])",10/2 CG: Products: Slack Biz+ : 1.6k | Status: Education/disco | Next steps: Education session 10/2 for Slack + Fin Serv Cloud | Risk: Timeline; Budget; Reluctance to change,09.15 SA - Setting up education meeting on Slack and FIn cloud. Risk: Timeline & Budget,UP-,UP -,True,2025-09-15,,,,,100,0-10k,,"OrderedDict([('amount', 1620), ('currency', 'USD')])"
